time,C_A,T,T_c,q
0.0,0.04967141530112327,302.798710873172,286.6241086251281,1.4046096221061304
0.01001001001001001,-0.008821446008045832,301.8692873724722,289.27740664642243,1.456980749461025
0.02002002002002002,0.07477869665324843,300.15930067289315,286.0379003950002,1.4793197233289177
0.03003003003003003,0.16731743647129677,298.7661861435674,288.4601923518048,1.5943843828670095
0.04004004004004004,-0.0033966547668601195,301.47652585141157,280.5319266652311,1.527827656226688
0.050050050050050046,0.0016087174170763344,300.8870691992753,291.0664685368647,1.4332259215450054
0.06006006006006006,0.1879467982572353,301.9105036715391,290.0060273768111,1.5243018144708818
0.07007007007007007,0.11177134107641044,301.4104791564683,285.91455684465905,1.4226348005530818
0.08008008008008008,-0.006918096426648569,302.2592587436989,293.296228342162,1.5541345526943537
0.09009009009009009,0.09928581779523592,299.10970000799887,294.6878506881328,1.476443767409106
0.10010010010010009,0.003687387427332399,302.83497495832336,281.9622006781551,1.4953181905630415
0.11011011011011011,0.008454271391975507,300.6154016300233,286.18637610716894,1.5662898323771095
0.12012012012012012,0.08422018551224106,304.3907388768992,286.1542882510635,1.4356418215707876
0.13013013013013014,-0.12630885810503154,298.8818552436868,285.3004844944557,1.4301440907443503
0.14014014014014015,-0.10247903761704472,303.7521711914056,294.1473742096587,1.4708200336826998
0.15015015015015015,0.01877581816279663,300.69607673399025,289.03086930613597,1.5519189425509659
0.16016016016016016,-0.021288594360129587,299.0174295384,288.67742579344696,1.4240326962261578
0.17017017017017017,0.11640719365476687,299.3725029724565,279.9806881779662,1.3583922200944716
0.18018018018018017,-0.0008341332475261393,299.71958775528833,293.1770901510461,1.4774420570795501
0.19019019019019018,-0.046278535626902026,301.2286205515771,283.80370802573265,1.527587039995546
0.20020020020020018,0.24649789305519465,301.4459643977395,290.29966315133163,1.5600130874869416
0.21021021021021022,0.08233406444646364,299.27289657230625,291.386884689791,1.47684193189573
0.22022022022022023,0.11664056525564764,300.3915888696232,296.80329297919326,1.4794286696441998
0.23023023023023023,-0.02761377623326562,304.7448384806113,283.45589800440445,1.5576950367127873
0.24024024024024024,0.06539319026505502,303.9353819679531,274.9024392208959,1.406512915015229
0.2502502502502503,0.13589114023717896,301.3729389064339,290.9192477237685,1.4805739612408495
0.2602602602602603,0.014663815857758972,300.59629245758236,299.00255590755427,1.509521194496253
0.2702702702702703,0.17229401719789508,300.78034000353273,296.19473176469717,1.5224609360642518
0.2802802802802803,0.07961801329011835,301.78730297897,291.0482970763731,1.474509665340456
0.2902902902902903,0.1154666751870051,298.534669340969,287.54181907183977,1.501722050585292
0.3003003003003003,0.0894159336913715,300.0854865087097,294.0356129831865,1.3755836323293504
0.3103103103103103,0.339761210965569,297.2830541422251,285.13226900147765,1.4670875793833076
0.3203203203203203,0.15812659657623881,301.4386487557572,292.3817888467811,1.5226754356277235
0.3303303303303303,0.05864415780436959,301.95457204457995,292.5273507958331,1.450885298287266
0.34034034034034033,0.2516045549544259,299.7137822491943,295.3010495374944,1.5029492110794798
0.35035035035035034,0.05219626956819287,303.8481009829227,303.7983001945554,1.522343625040135
0.36036036036036034,0.20009319915308788,298.2685656067691,291.96207983589386,1.4828725399571117
0.37037037037037035,-0.01183845678346862,297.8113137626291,287.4551818714625,1.5085231885498285
0.38038038038038036,0.056227054242044966,301.2089307842611,289.87212843904,1.4518633717357694
0.39039039039039036,0.2136441506481065,302.874184330261,281.1546204755544,1.4896694360151976
0.40040040040040037,0.2727121943370396,304.16780055964887,286.52643434455473,1.5305108084794612
0.41041041041041043,0.22090489214657907,299.90213089650285,287.95358780943445,1.5078486480484217
0.42042042042042044,0.19710065908419,302.9972120484453,287.37955801032706,1.4706734365218033
0.43043043043043044,0.1834473139843005,300.78278103579396,290.7617743601686,1.5112108202145396
0.44044044044044045,0.07059233110185839,300.53448752204696,285.887900338089,1.535730489531831
0.45045045045045046,0.15134148385403978,302.6670026180193,295.6051533366224,1.3975029360711262
0.46046046046046046,0.1821378078334352,302.22426551505214,290.001035324591,1.5579537032477948
0.47047047047047047,0.33878397132979654,297.7867687735903,289.9534983943069,1.4831872630659464
0.4804804804804805,0.2722978029906211,303.91256335060535,288.36052641743544,1.5212744966620115
0.4904904904904905,0.06649022352179518,303.7395910774265,290.7759534192949,1.5598623461822614
0.5005005005005005,0.2800548190206157,299.74820475861134,294.12549132333817,1.4314163151384767
0.5105105105105106,0.2139841735140506,301.81085501567804,285.6643489214455,1.4645279498786228
0.5205205205205206,0.18963985605921468,302.0272220233849,286.7094175546237,1.4855725652062148
0.5305305305305306,0.3233328933341514,301.58041871951247,288.48136985611666,1.4608123239437787
0.5405405405405406,0.3700918578140598,299.9783661724504,283.2706453826339,1.5867468287918405
0.5505505505505506,0.3649398704371607,299.75563071199247,285.9037107013925,1.4571613953086604
0.5605605605605606,0.19270325027109758,301.06766586930047,287.6188956322767,1.4722226610256566
0.5705705705705706,0.2505099796134364,303.48412412915866,294.37194590356364,1.5102194515801488
0.5805805805805806,0.3193567250857009,302.2457539153995,291.31280664500963,1.4398925236961955
0.5905905905905906,0.38857688932677104,300.437207814114,290.9679495568377,1.4802159644121868
0.6006006006006006,0.2478896573820249,302.7417120484724,294.25448981083986,1.5158726630625088
0.6106106106106106,0.282018478078061,295.5211027319473,289.313141058003,1.4833569797808743
0.6206206206206206,0.19472064327626062,303.535587837473,291.95232424964445,1.4953306570550027
0.6306306306306306,0.19049559407302857,297.7784923805504,289.4838912353375,1.4735333943775815
0.6406406406406406,0.3961231861054497,300.55289651492177,291.32681174699815,1.4242764845409617
0.6506506506506506,0.45524106659223806,299.0582919467476,287.0862067119421,1.516079660566962
0.6606606606606606,0.3171545050315118,298.72811692190817,277.8059142086179,1.587746653582362
0.6706706706706707,0.4294391353200336,303.6589763049836,289.32860418906847,1.500920081539172
0.6806806806806807,0.3699715327689442,300.42175782447566,297.1137406804997,1.5112632058623774
0.6906906906906907,0.27400967764075135,302.07000004792104,294.63107701120794,1.534636137755843
0.7007007007007007,0.37936645651405704,301.3029776650616,294.8269874229559,1.436533475172665
0.7107107107107107,0.5017271976301922,302.3707214171619,296.1806536090311,1.5851257329064803
0.7207207207207207,0.3490288666003427,301.59009880682447,290.4432879548072,1.5101164398211402
0.7307307307307307,0.5137549326951024,298.8902800809881,290.986578537028,1.5815928449544554
0.7407407407407407,0.09998620317023599,303.46860183619697,286.91174052282827,1.4633483502238005
0.7507507507507507,0.4488120433581107,300.5083527828205,288.41963571986474,1.5909030961278912
0.7607607607607607,0.3799783952015088,298.4024939082173,293.0788557488557,1.5387577747017391
0.7707707707707707,0.34601554837384635,300.6792130652264,296.01942218584406,1.5276520042926178
0.7807807807807807,0.38972553940525123,304.5567424959748,289.302768621595,1.5117012227176574
0.7907907907907907,0.18641621585018314,303.27543969313103,287.7490536757429,1.4875735690962775
0.8008008008008007,0.36781991548996956,300.8974589216846,290.00263979428297,1.5600265829236937
0.8108108108108109,0.4301025942124914,300.91600837163185,293.00603374464555,1.5070179934924024
0.8208208208208209,0.5467750948110757,300.99100779657374,282.78072591933227,1.4016465148206423
0.8308308308308309,0.35174302718452366,305.80752143466674,278.5190952343138,1.4441406769146499
0.8408408408408409,0.32729493795860165,302.437637311193,287.2473157525421,1.4907077123903627
0.8508508508508509,0.3625326191015187,302.5535839318232,283.8964378704292,1.5154999491582777
0.8608608608608609,0.5088022220893159,303.7737949886473,287.45929901176345,1.497170575555005
0.8708708708708709,0.4546803557213378,302.2105269751427,289.26109840591266,1.5609485394896832
0.8808808808808809,0.37336189258392455,301.2345779962777,287.73375795488494,1.4024449067980687
0.8908908908908909,0.48218664470277967,301.3796691958894,297.26233767235374,1.507179396825258
0.9009009009009009,0.44507885170670675,301.64886587769803,291.6337238230116,1.4091010387306422
0.9109109109109109,0.5367358851497462,301.7373162433439,291.5023717980541,1.5379856147742084
0.9209209209209209,0.3741553472450224,303.28670486191885,293.111035720217,1.4952770642778999
0.9309309309309309,0.41607258126469754,301.95501526408646,284.30583441109616,1.5209804986012059
0.9409409409409409,0.41409487648090026,303.3360739454073,295.19555893710134,1.4568058519705116
0.950950950950951,0.3114097375326274,301.7290234311017,289.6211785673227,1.5639732465828875
0.960960960960961,0.49181733367470926,302.0673821953236,293.35240308620604,1.5520862332029426
0.970970970970971,0.4927433285551965,297.9333580132513,284.6407138347992,1.5291772151505945
0.980980980980981,0.471569953082843,303.78205456484824,282.2312061699197,1.493524137656828
0.990990990990991,0.45200890013361184,302.66200818715424,294.0894482901251,1.5289928642647566
1.001001001001001,0.3383276348440528,303.98467558309426,291.8820476304876,1.4646553716006325
1.011011011011011,0.44218525172861967,296.2157607644524,285.48974222821244,1.5427777829510356
1.021021021021021,0.45435127684040577,306.20462903869236,285.65168459362656,1.582474044716196
1.031031031031031,0.41275570604835476,301.7683003533485,295.62717392207384,1.5535305279989593
1.0410410410410411,0.4812032170351098,304.2834370173416,284.05294053566337,1.4635198765096296
1.0510510510510511,0.5420727709417211,300.0068430189791,298.2133647662798,1.5180708658636552
1.0610610610610611,0.694609605652919,303.3317778093838,285.49689632676063,1.4353429228120675
1.0710710710710711,0.5277594520001688,300.0189655571477,293.1919596280419,1.5286195155587838
1.0810810810810811,0.5403545819058899,300.8978169261238,288.35690762125506,1.522530170643127
1.0910910910910911,0.5114399326433404,305.9929671206643,293.01593715541173,1.4065091830233918
1.1011011011011012,0.3312793860072301,301.80308049985933,287.27942998942905,1.4419108078043819
1.1111111111111112,0.5247639982269439,302.6388431809207,289.1860354696385,1.4858430551628117
1.1211211211211212,0.5376840732332566,303.9636361955489,290.2045958769786,1.4849570126429588
1.1311311311311312,0.7822176118334863,303.234378897912,284.98906272109264,1.4395261532290597
1.1411411411411412,0.5208762283107418,302.5633583300208,293.70412172710064,1.5194489364676091
1.1511511511511512,0.5744724534000567,303.0119388542266,287.43393216764207,1.5125736804470256
1.1611611611611612,0.5450383014027328,307.10833520298326,288.8570004232999,1.4902865434010741
1.1711711711711712,0.4358196936429219,302.2057443971994,285.02825312695745,1.4622104249920818
1.1811811811811812,0.6711339530535796,302.74264874093575,277.18833170602346,1.5524353563208282
1.1911911911911912,0.6361951999208829,304.4612187152091,289.0448611869991,1.5827703556544148
1.2012012012012012,0.6442412632963317,304.5904116062537,302.0630771080646,1.4758219258076732
1.2112112112112112,0.47832133833086676,304.7728606321031,293.9230214394901,1.469391654142259
1.2212212212212212,0.7136472701441812,303.6956911312693,289.903698101328,1.5245603832705998
1.2312312312312312,0.43727612513412817,300.15164183568413,288.6855458539587,1.4820985310126507
1.2412412412412412,0.6402258677391506,305.72392592954753,290.1123294640602,1.4930301399668382
1.2512512512512513,0.8046500802916581,300.18377343477397,292.73559557587606,1.5369826575862335
1.2612612612612613,0.4906005751426029,303.10112658146045,284.0959359234558,1.4045321956246353
1.2712712712712713,0.5370593537890557,301.00668537769855,295.5716084733444,1.5659151162426335
1.2812812812812813,0.607674310425592,302.40633173020916,293.5769065772062,1.5036340262164671
1.2912912912912913,0.551366683044264,303.2114944309223,293.5909286285397,1.479425342771891
1.3013013013013013,0.4506379069326787,303.2160349917986,292.1923786940486,1.4955382922889275
1.3113113113113113,0.6165353761980245,303.43650270605514,290.0980832884699,1.498121467751026
1.3213213213213213,0.5074082635481137,305.8394139809746,293.3643061798341,1.4134399348277538
1.3313313313313313,0.6649420625257442,303.5383798222683,292.9590706687069,1.5747469113726618
1.3413413413413413,0.5295691101166341,302.1623071787188,288.2297964452949,1.5020662816135308
1.3513513513513513,0.7804181192414663,304.59809339222136,287.1319911355155,1.5221501065223688
1.3613613613613613,0.5509968278033194,305.0681479387744,290.5092814763099,1.5475774885287021
1.3713713713713713,0.6009977191792188,300.2532684575615,297.74510075747594,1.448941877121985
1.3813813813813813,0.7184214445281911,303.9225504988123,283.8044646217305,1.5236735949517615
1.3913913913913913,0.5178331845281803,304.14935118215897,282.6623736712378,1.4866179454550603
1.4014014014014013,0.6674994479613371,302.17112301921367,290.82380420618256,1.5423385387608246
1.4114114114114114,0.7792854171697745,305.5368968937936,290.2544385092801,1.3936386289824252
1.4214214214214214,0.4916242588041233,302.5045941700954,290.86670832185206,1.4950452849879365
1.4314314314314314,0.6746210666841259,303.0750690868047,291.2197659895425,1.469858967210802
1.4414414414414414,0.685914622061517,302.4969720487088,288.883988726826,1.5216131475317078
1.4514514514514514,0.74186076045025,302.8934619146164,297.4493171930104,1.52350220936841
1.4614614614614614,0.5437189076596626,300.6889302956957,281.9954801076174,1.4646187052588986
1.4714714714714714,0.5390871041786048,300.02054380532553,285.8575148760988,1.4643913067911978
1.4814814814814814,0.7270288968972014,306.1088091721738,289.48372619925476,1.4944667315721336
1.4914914914914914,0.7082182778816724,301.2450181217111,281.7840559442292,1.4551678886342396
1.5015015015015014,0.7072371688790533,300.97528611275294,289.12072797783964,1.5420991847726064
1.5115115115115114,0.7204836892582255,298.6704087217965,298.3073508286401,1.4815396399776277
1.5215215215215214,0.6214702003354475,301.71837165835814,290.1044324414798,1.354650589033918
1.5315315315315314,0.716314575087994,300.3692097624725,291.15350452859343,1.4812588971689098
1.5415415415415414,0.7259956236799564,306.31850177939776,283.6991761741371,1.4480728089578014
1.5515515515515514,0.6288349534659285,305.07317558545395,286.91819295980264,1.4184362092269527
1.5615615615615615,0.8904117235196598,301.6962984254302,288.1240180983803,1.4381286680888714
1.5715715715715715,0.7547641105684049,307.5965161204812,288.41142451621886,1.5054704235916485
1.5815815815815815,0.5917792949233665,305.0742084864386,296.4082189750188,1.5664320414124115
1.5915915915915915,0.7800760233706067,302.4800352804722,292.7884553036256,1.515659223693249
1.6016016016016015,0.6204456170941939,298.14989460891314,284.44271021531483,1.469674830589213
1.6116116116116117,0.800097382344207,307.7495865549653,291.23252389216003,1.522795209758535
1.6216216216216217,0.8407055469147894,300.407539151199,292.4911087424839,1.4770454844890504
1.6316316316316317,0.6462166668144079,299.9148564934909,295.70074519260635,1.4652699815418428
1.6416416416416417,0.8280431776562194,305.2697519058071,297.90270343284186,1.4422818665883508
1.6516516516516517,0.7763859942665599,308.123059984574,284.92452904086065,1.412408559662414
1.6616616616616617,0.8206978399437812,306.0310319388204,285.9457124439483,1.4805038146720277
1.6716716716716717,0.9315365453441159,304.409222595728,283.71211070542694,1.5079026744960067
1.6816816816816818,0.7206652750718633,304.48981794087416,288.8299007044651,1.4951688164992556
1.6916916916916918,0.6731586424504628,305.0260320493497,292.3317918722317,1.479201653602632
1.7017017017017018,0.6628902373875635,304.8559364822153,294.9366725829455,1.452712696965161
1.7117117117117118,0.6735512396662351,303.91932714237583,289.6202448817874,1.5304123095842483
1.7217217217217218,0.750693768953491,303.5841980394675,288.4007623837258,1.4341434040026708
1.7317317317317318,0.7957718110726966,303.26944758266563,290.7587899612437,1.5388013956921738
1.7417417417417418,0.7925592877046224,301.9055290619036,285.8242854918499,1.4498891490536638
1.7517517517517518,0.850822966338661,302.8709188058986,300.44769360847386,1.4623782381323482
1.7617617617617618,0.7726000232475004,300.06515229466595,281.9616948644097,1.4266607404692162
1.7717717717717718,0.9198291133216575,303.2731698009827,290.9237028944786,1.4749298926557182
1.7817817817817818,0.7511664931942568,301.51143606459385,300.1180310961482,1.5487656229238989
1.7917917917917918,1.052786084385383,301.3001948863682,290.0339992228,1.5257814044221978
1.8018018018018018,0.8464533354258307,303.8859030074204,289.0498048249925,1.5489211056014018
1.8118118118118118,0.7012686415533859,306.3288463294108,288.21277288594786,1.5261071272966968
1.8218218218218218,0.6829732299574878,305.40018781257083,289.09804159118795,1.4448165085734814
1.8318318318318318,0.8413680127733645,300.44125195439955,296.86424237338264,1.4834605387836222
1.8418418418418419,0.7738129165084986,301.62168109187604,278.9406904433525,1.4609900435441268
1.8518518518518519,0.8705777244363361,305.5011495117685,297.66716850648163,1.566528745201952
1.8618618618618619,0.8494998980515375,301.6732876120668,282.88021423774927,1.4401605676786844
1.8718718718718719,0.7978716103650592,303.2076367803062,288.66673835382795,1.5446848844694556
1.8818818818818819,0.7234333267218396,304.77563330259954,287.8537778985067,1.5446476935054385
1.8918918918918919,0.6595659297164977,301.7574514875135,292.9427663488536,1.5914810100858043
1.901901901901902,0.7693167937974505,303.9234878960688,282.00937824058127,1.479515670368525
1.911911911911912,0.9025054153313639,301.0632674997876,292.3108633304097,1.535616107979008
1.921921921921922,0.8411516947065955,302.5471498524043,300.12154811643427,1.6140825918269421
1.931931931931932,0.6980246922531149,304.40800062969487,283.1841299770359,1.4691179161533152
1.941941941941942,0.842752306427227,300.6009858115147,290.94853083805197,1.4232479876233821
1.951951951951952,0.8667809183869044,304.6864440934378,286.69008911101696,1.4059994983046118
1.961961961961962,0.7426576557049592,303.78472510613955,292.12943603096517,1.5356356014430665
1.971971971971972,0.8491893111745697,304.94747137266745,290.09573888707877,1.4058424895970707
1.981981981981982,0.842390186549689,304.30879509105586,286.79256545477847,1.481384047353104
1.991991991991992,0.725003842966685,306.6077075671714,292.43936142435535,1.521865659351948
2.002002002002002,0.8777901423232288,304.14832004803304,299.02174054893374,1.5092587768414958
2.012012012012012,0.900779300058945,303.05748867329146,289.04548104136353,1.5212722432092085
2.022022022022022,0.9556742530978766,304.17930777784005,293.5987897107409,1.5111144927900426
2.032032032032032,0.9553963887260637,305.0397060757109,283.5336352106442,1.5639432906656696
2.042042042042042,0.7148750085443043,304.0692115600451,285.21781811590995,1.4523841809630602
2.052052052052052,0.7614638444657635,304.071040285777,292.36203138940186,1.4661502430770734
2.062062062062062,0.9093328543548687,302.6042230203422,297.4205801426798,1.4613670277364588
2.0720720720720722,0.911769413257728,302.7007379885062,291.7780667439283,1.5415095905931304
2.0820820820820822,0.9144355245199975,301.23964656924653,288.4347098473842,1.545019929419753
2.0920920920920922,1.2507222262426336,307.56231167662713,289.9964570271168,1.5225612659659253
2.1021021021021022,0.9250347700151246,301.59371651169664,283.7479613301514,1.5591746833444964
2.1121121121121122,0.9839771826724585,302.71390102064623,293.0225766317768,1.441097956631181
2.1221221221221223,0.9682738906559598,302.6811488871714,294.41166531161707,1.5833612055775568
2.1321321321321323,0.9404440695830083,305.92604766942907,287.73954833583457,1.576161931085613
2.1421421421421423,0.8461873237253604,303.5645184782571,287.6497892612025,1.5367810998622873
2.1521521521521523,0.9559984872137522,306.66810424853855,291.32939114826024,1.589089945438553
2.1621621621621623,0.8051843141214181,302.84382439914737,287.816401319797,1.4171688396161113
2.1721721721721723,0.8611281394975658,304.7669627197329,289.66933692687087,1.4737775931868673
2.1821821821821823,0.8385946454743627,302.5564321668017,300.4986089458326,1.4632348269659023
2.1921921921921923,0.8976171916298215,308.5355594645366,288.76487149627,1.536073966187867
2.2022022022022023,1.123172131556239,301.88818229154725,288.2082992398939,1.4474929630198927
2.2122122122122123,0.7072339155648883,304.9011213830077,286.7622909718242,1.5378747574668743
2.2222222222222223,0.9648182200674077,305.56711739714774,293.7209598574997,1.5685268071998357
2.2322322322322323,0.7371299304818082,305.1452282702195,289.09387913390947,1.5347601450041999
2.2422422422422423,0.8533951426141405,303.96510389248664,286.7531348083929,1.5141875511830751
2.2522522522522523,1.0116476407239439,304.0940695682522,296.60652016136504,1.4506063329549626
2.2622622622622623,0.9113222207981325,304.45934821943416,297.0980150225682,1.4576574516937317
2.2722722722722724,0.7992387113362126,304.0957180580543,286.99788217130646,1.5624809452648334
2.2822822822822824,0.8375790677426285,306.33545948668353,280.6673002431969,1.5389674501952666
2.2922922922922924,0.9791426898894012,308.8467087819452,295.0375684491846,1.4980490240311228
2.3023023023023024,0.8401969029987256,303.3286229963119,286.5768508712,1.4791045227117054
2.3123123123123124,0.9369071997814807,301.7219265847119,293.9531279958138,1.398709606344431
2.3223223223223224,0.9218233721490457,304.30287654284,280.14948091144083,1.446457379065778
2.3323323323323324,0.8540880231945294,309.6567494568777,294.46298669149655,1.5955709543569863
2.3423423423423424,1.1356013094992723,302.9078537623064,283.9441403535961,1.4359772214498767
2.3523523523523524,0.9865345691562997,307.8112905288293,293.6538205953326,1.509473991061054
2.3623623623623624,0.7225410498716351,307.90629439724887,290.0713653391822,1.5503721986597598
2.3723723723723724,0.9455902089706583,303.46153389680796,285.23030290301676,1.4372538665998853
2.3823823823823824,0.8626323799853785,305.7244758382825,287.9648184353661,1.5092355237390542
2.3923923923923924,1.0158973421729443,307.8610838430772,293.4315922847835,1.5468957768755327
2.4024024024024024,0.8532216041770123,303.86379757770754,290.52947226557615,1.5006249660953626
2.4124124124124124,0.9227963447136507,304.23263627710213,292.9220649023624,1.6434201527833383
2.4224224224224224,0.9865416241139147,303.494160510678,299.88220292257745,1.4165700370560903
2.4324324324324325,1.0243678750925103,302.6457155510587,282.17879194144473,1.552936426494194
2.4424424424424425,0.8194886827096506,303.3943618578138,298.0860628748431,1.4913599131301767
2.4524524524524525,0.9077706326154336,302.26270554066144,290.52177968761606,1.5385960077418337
2.4624624624624625,0.8954050802663228,304.7964032568653,285.5060797583844,1.5220653575849623
2.4724724724724725,0.8792219236511665,303.20592115356874,283.348431871305,1.4633421901445
2.4824824824824825,1.122731845342308,305.2310517131187,289.05439804611484,1.511449819622967
2.4924924924924925,0.9882924648245202,301.66928177890276,294.6082505596223,1.4071049274300855
2.5025025025025025,0.8232900284404712,305.46040755491987,289.3622543981123,1.5301623750285698
2.5125125125125125,1.042724966773833,306.48325979986095,297.55577465123673,1.5149079232995262
2.5225225225225225,1.164690918926069,300.8462660742638,282.7441215497422,1.5319330084321552
2.5325325325325325,1.057234492908401,305.59936660819454,289.93955526076974,1.5529059162543575
2.5425425425425425,0.8035397404660375,307.324088118663,283.7380327779344,1.5183809920104856
2.5525525525525525,0.9085181652689103,302.46694524754844,291.8181594131248,1.5074044709899137
2.5625625625625625,1.085073551560076,308.2488296257696,294.4344369504865,1.4559465831669354
2.5725725725725725,0.889032346663517,305.75916078396835,287.89619103159475,1.4643889618175474
2.5825825825825826,1.0055740496298133,303.5285172429489,276.97893071686434,1.5593367310088666
2.5925925925925926,1.0400242478637207,304.8444011946549,290.9947407339825,1.571816770285299
2.6026026026026026,0.8712124188975161,306.08997170706056,292.1836927586676,1.4880944781843972
2.6126126126126126,0.9592734081297722,305.1426872637776,292.0214737748085,1.5023001373626637
2.6226226226226226,0.6423955084777676,306.08552706209645,296.1789109591108,1.4547692812503117
2.6326326326326326,0.8653555656957497,303.18398641511806,284.64473160175476,1.5586378422633722
2.6426426426426426,0.9437853587643309,305.3813536318313,293.40108052725225,1.533270841184589
2.6526526526526526,0.845487425253072,302.2324811615087,295.96253756238985,1.5970608718231873
2.6626626626626626,1.1347061382096273,304.8547159240068,281.1070620799674,1.456083846141013
2.6726726726726726,0.8296257991667043,303.2865903058165,291.5982591295949,1.4810996050490892
2.6826826826826826,0.9297860527867683,303.6405628271764,287.47910084496164,1.5115722961262785
2.6926926926926926,0.9879907302045031,307.60100569894826,289.5923866344918,1.5323244768862885
2.7027027027027026,1.1201457507170514,307.3286156695247,291.7383824176917,1.4892166181226183
2.7127127127127126,0.8335095067433145,306.3814271247546,287.56385717943226,1.456351945477315
2.7227227227227226,1.0944649208574546,302.9956601142353,286.62145960419195,1.5440703764461785
2.7327327327327327,0.9802001728812398,304.56458274219096,290.1707620874401,1.536056768127279
2.7427427427427427,0.8820297944089626,307.64068820830573,284.563770305686,1.4541862949718138
2.7527527527527527,1.0273702461266845,305.51499890265114,284.57087435557406,1.5677721400552749
2.7627627627627627,1.0020205293664635,309.88727545419,293.3968664147825,1.5585099354598302
2.7727727727727727,0.9230229312098729,306.0522823153602,284.25602982420673,1.5067148248623896
2.7827827827827827,0.9909302612512647,305.6667540271284,293.33156250454607,1.5039798931188018
2.7927927927927927,0.9462994789213338,304.68141085037934,292.31295646426975,1.5277028885557953
2.8028028028028027,0.9970386889529127,305.5836923319561,281.370966356047,1.456914846487187
2.8128128128128127,1.0527314462194806,305.0286162842059,286.61217673832175,1.501501573958204
2.8228228228228227,1.1459267724136106,306.7666973679704,295.9705470152369,1.392380822769541
2.8328328328328327,0.8643255204320464,307.28078726102757,285.09417234430157,1.5438227822751467
2.8428428428428427,1.202167635191366,303.8122848067408,287.67797868845304,1.421925338877907
2.8528528528528527,0.7943879741112849,302.738657340773,292.3103044662595,1.57517099142145
2.8628628628628627,0.9751259114765126,301.7455503740541,293.916952546413,1.4834939953016775
2.8728728728728727,1.0498190013967321,306.4507599312119,288.7423055697775,1.4894166509034412
2.8828828828828827,1.019744503035996,303.2448384395199,287.0124490265418,1.4686133046957748
2.8928928928928928,0.9300085590568619,301.1625629904861,297.11184930849254,1.4855980563038962
2.9029029029029028,0.9720746241802889,306.2622519927945,298.6944983189879,1.5709265672574018
2.9129129129129128,0.9441702220890097,310.48782244162123,294.894290253909,1.375609567173246
2.9229229229229228,0.9350924197452846,305.506388155332,290.42659071282515,1.5638482693044093
2.932932932932933,1.0795227845801185,307.2121959806441,285.95867139179535,1.5169011740550855
2.942942942942943,1.0307728890976462,305.7155354169665,285.84777796721716,1.4396489176071392
2.952952952952953,0.9262642200384266,305.3707374096385,292.6125705263288,1.4462343803475382
2.962962962962963,1.0859740674912128,307.4232873794713,292.0919911044434,1.5838196513604101
2.972972972972973,1.0271779822435247,305.021180637315,297.0079929647321,1.4527246560028635
2.982982982982983,1.0781432312018535,306.1530872142402,293.2522504626807,1.442332474470202
2.992992992992993,1.0602039213813421,306.27824854067575,282.4845984912009,1.5568657271182365
3.003003003003003,0.9147005730570705,304.31519977863417,295.2597380886146,1.5169276438142958
3.013013013013013,0.941916017185267,307.65197049183575,285.00969686342796,1.45310372117318
3.023023023023023,1.0729725305004791,305.3344486692676,288.08014364023825,1.510831248770231
3.033033033033033,1.0595642393005125,304.18933747056,291.25100103125845,1.4487123658179861
3.043043043043043,0.9966960830003102,306.7902842345952,299.97833744891983,1.5550410699211303
3.053053053053053,1.0107529907490098,303.9367424269236,305.5495927800268,1.5530685482436566
3.063063063063063,1.126995726538272,305.80643156765103,293.03361529568093,1.5266003099410972
3.073073073073073,0.9402560519019684,305.7481990756926,289.08401690639806,1.5180830530623508
3.083083083083083,1.0542818474054532,307.95457290477094,292.67252824240273,1.5880594062433686
3.093093093093093,0.9794867232438218,306.7484997655434,294.43827712936917,1.4999843163694113
3.103103103103103,0.9780467047054384,305.7653476661009,288.39666187221405,1.4409062937289598
3.113113113113113,1.109776301383658,307.46720915760795,298.9760567795616,1.5224736956416154
3.123123123123123,1.0824989947573793,308.6283432594362,291.150353795957,1.6043023524768556
3.133133133133133,1.0813420181776061,306.97977693774095,292.488715445457,1.4492620253407074
3.143143143143143,1.130547580213216,305.90106622475855,293.3296212602723,1.4819268616653007
3.153153153153153,1.0020836785660197,303.27286961185644,292.10793305307226,1.5208223019050726
3.163163163163163,1.0681371368328683,303.78247220848726,294.19470250234804,1.4973047575497132
3.173173173173173,0.9688486607787633,305.3183838858472,286.9137340672654,1.4508848209811342
3.183183183183183,1.032200421521707,304.7259188873292,287.20849123026983,1.5560928928115236
3.193193193193193,0.9866528860641992,305.587086855372,284.49922883514154,1.616002036100863
3.203203203203203,1.009225151542397,306.09039158896246,292.19750615310113,1.5098065729511954
3.2132132132132134,1.0588745829910229,307.0525155694596,293.89468251756057,1.4547965855132
3.2232232232232234,0.9173451035654421,305.8681468056766,292.28886433075945,1.4225519737473262
3.2332332332332334,1.2081891617383484,306.998137865781,298.3724621667377,1.512898799061059
3.2432432432432434,0.8981069345696852,306.1700494752789,289.9720199058548,1.555193867165813
3.2532532532532534,0.877023032315705,302.1061093676852,293.34370827796255,1.523758387324769
3.2632632632632634,1.113961190827101,304.1942892907986,284.5414956193034,1.4998798079540574
3.2732732732732734,1.0769995790731457,305.80067820454724,288.064501487628,1.4705364174105346
3.2832832832832834,1.0599035018346596,303.6853326636736,293.47768878782887,1.4453918183640955
3.2932932932932935,1.0599592943231342,307.3204239749219,294.24551055371575,1.541737566316244
3.3033033033033035,0.9955083113817121,309.19788801389467,288.5301652616791,1.5456885810692793
3.3133133133133135,0.9065908286034184,308.5897052921776,289.64200374070964,1.4227135106654634
3.3233233233233235,1.0034550409117913,305.74106642848886,282.41063126659594,1.5794919489090342
3.3333333333333335,0.9276917866005537,309.1651503043973,288.21485399596696,1.5287035610447002
3.3433433433433435,1.0924283687608416,306.496754021122,294.45191581759894,1.5699797322572897
3.3533533533533535,0.9796941722577568,305.54094339316407,292.8760250805328,1.4328936125757443
3.3633633633633635,0.9113087959771878,305.00398132675207,292.50332860690605,1.431708792229228
3.3733733733733735,0.9611536405611228,305.641493626232,290.2488684359048,1.4925515345116351
3.3833833833833835,1.0339941972310833,305.48570067172994,290.0353157931409,1.5251392213447597
3.3933933933933935,0.9357125564162332,306.61848296478706,286.6983943026328,1.5898180411463483
3.4034034034034035,0.9092220802809265,306.61436953246914,293.4941421010127,1.5353039456907567
3.4134134134134135,1.0151471134298855,306.31485943771037,292.10486472194697,1.4878659361593984
3.4234234234234235,1.0145845028133667,307.19816427832325,292.460094239964,1.4486815396167054
3.4334334334334335,0.9386781798640647,308.7210756820166,287.3698257866621,1.5615000286359575
3.4434434434434436,0.9415285347344031,308.2543611870215,279.23328540064375,1.4517647287124642
3.4534534534534536,1.0110724616637576,303.4009012910124,295.4857635587685,1.581423427738616
3.4634634634634636,0.8422693903074172,301.27827373605925,287.60581271995795,1.4857807675196746
3.4734734734734736,0.8455170772266338,308.2701490106714,285.6861211797844,1.5795291036308925
3.4834834834834836,0.9135799568241515,303.68311931637453,293.46739455957,1.533946564502964
3.4934934934934936,0.9632159031601477,305.9826877155222,288.03993680040435,1.493150225527877
3.5035035035035036,1.0147629510071254,304.1073084928905,295.2996819202331,1.4740301814086936
3.5135135135135136,1.1302947512473662,302.8588638537636,293.0850297478835,1.482954606132696
3.5235235235235236,1.0675874088390889,307.561014466177,293.4178466160024,1.5214158346187618
3.5335335335335336,0.9648653158393914,308.0116376469667,283.1702214439973,1.5038578248108858
3.5435435435435436,0.9779706998177617,305.3555188161766,296.059719926932,1.4703094295965649
3.5535535535535536,0.8786079900925661,301.3416412383126,291.3062526561693,1.4917184294841184
3.5635635635635636,0.9759736984168883,305.44639698390716,288.15361430376896,1.5039288514859575
3.5735735735735736,0.9478987390450405,307.33762774110244,290.71694233671127,1.3935632952792594
3.5835835835835836,1.0079515819162088,303.6113041740532,281.1188238355084,1.5229084057394349
3.5935935935935936,0.8918473136731263,306.95092840333155,292.04326405740335,1.4510139387641596
3.6036036036036037,1.0253713285874855,306.56864372802073,284.85314245908967,1.4423333798397127
3.6136136136136137,1.1255524529876708,307.77287483824415,283.23664857078234,1.4156327826444646
3.6236236236236237,0.960220075765626,306.86845447839323,282.38820406891057,1.4103053751066055
3.6336336336336337,1.010060465765886,304.6981311920447,295.5634418749496,1.4322276248443855
3.6436436436436437,1.0376725999228584,309.0523607790782,286.85368303153604,1.4645489521184756
3.6536536536536537,0.927280795848897,306.35708064142074,297.6686385495825,1.5976629568763285
3.6636636636636637,0.9885325000409731,306.63442597015677,287.3209926847385,1.4737060162052398
3.6736736736736737,0.9660786993510673,304.83736758300836,281.4632102120353,1.5088875053134017
3.6836836836836837,0.9732591077912669,305.83218058143297,284.4173778002567,1.5200240693253164
3.6936936936936937,0.8848384227303345,304.9639543096214,296.1790581000347,1.5065532593107924
3.7037037037037037,0.9632142201073305,306.4024552835083,289.22050911031664,1.4961278269637004
3.7137137137137137,1.009162766231396,310.18652498187123,287.258563517547,1.4402353118200377
3.7237237237237237,1.1030530002483143,304.03403924734613,290.80009112926393,1.5725463774139605
3.7337337337337337,1.0524174280545227,303.5654250834164,292.50891368083774,1.5903598321818944
3.7437437437437437,1.1703363370693802,309.7495676555138,295.5869940795123,1.4158670652938656
3.7537537537537538,0.8767871576766727,306.4032314841409,297.2424961494646,1.448798570455681
3.7637637637637638,1.039233914539106,305.49835785687975,288.20115677105457,1.4860094828811496
3.7737737737737738,0.9687921406743563,308.93090980396823,283.3697615695898,1.4517731102544904
3.7837837837837838,1.1678705136626937,305.65443898539525,287.9326741943836,1.5252982776727932
3.793793793793794,0.866468902324155,310.5322316099768,291.30140253291444,1.4635863898796693
3.803803803803804,0.8617113273055221,308.2505784676115,285.18120536894696,1.60825280339033
3.813813813813814,0.8841053382495944,305.9333908165533,285.2142454255248,1.5595274297171797
3.823823823823824,0.729992473294581,311.23828927508544,291.7189394077494,1.5106287015316107
3.833833833833834,0.8881203797973114,305.7266744681027,289.7567382421477,1.5513493131659866
3.843843843843844,0.8630728875965448,308.4366987156869,290.1639849770579,1.5552950212178653
3.853853853853854,0.9522922825614947,307.5654689243139,286.20752332649965,1.4718026255970877
3.863863863863864,0.9696717734469293,309.5847142107866,288.84799642897116,1.4591891377729018
3.873873873873874,1.1213330975455993,310.11857391307996,285.3788342786585,1.5039071531484824
3.883883883883884,1.0269548455899753,307.07385166714977,294.45099205562394,1.5430818062248972
3.893893893893894,0.8723951999240673,305.5172713821908,295.1762466736188,1.5069530199326708
3.903903903903904,0.8383939034097802,307.9582870099301,280.76906068880953,1.4211501758904501
3.913913913913914,0.9755538404323716,305.6971193759635,285.35244569903796,1.4598587778024579
3.923923923923924,0.7924419499294552,311.0935037352406,282.5173537245496,1.4963013568202812
3.933933933933934,1.1056913366906387,307.3539507035462,286.7498803279655,1.4962167197837084
3.943943943943944,1.038546551866199,306.3643593597071,289.5828101510482,1.5986271088394903
3.953953953953954,0.8717189931578476,307.4784570581661,282.75177390150736,1.4307006028800502
3.963963963963964,0.745334112166739,304.42890935814745,285.39070093437346,1.5252794620917938
3.973973973973974,1.0500228471574646,305.1939708012469,284.9802131395925,1.5744556554164144
3.983983983983984,0.901146758237873,309.5520350292492,291.0363366469947,1.6135724872711399
3.993993993993994,1.0343246463132716,305.85139832839474,290.34672168518125,1.479780128840802
4.004004004004004,0.7490197124659832,305.0853158758054,286.3913122333137,1.52457147263601
4.014014014014014,0.8464216822737343,308.2663655269944,290.884104360697,1.5284880178599323
4.024024024024024,0.9047575564463759,309.578361682175,287.2665995770637,1.5097740865776645
4.034034034034034,0.9067825966945329,308.65872445954227,288.64172444836976,1.4950577399380347
4.044044044044044,0.8549067437754009,309.2267487340719,298.3672604514927,1.5217987694750024
4.054054054054054,0.9600044949148789,305.7348697130016,296.70230525895175,1.3733876957390156
4.064064064064064,0.7887411816046811,304.4186160324324,283.502093815362,1.5341034745031317
4.074074074074074,0.8790265665274232,310.2786530384777,294.1486620893959,1.5063088951830983
4.084084084084084,0.9030329923908793,306.6443452633046,294.05698277245796,1.4888762551610868
4.094094094094094,0.9401639071594775,306.80172889728567,284.2586835562369,1.602343109785978
4.104104104104104,0.9575758436395396,309.973443931016,294.0938882187743,1.4662532990604724
4.114114114114114,0.7716222740240809,308.4431470564041,297.68965959206275,1.4798462005467485
4.124124124124124,0.7283250471249544,308.25606459057894,284.38727596877794,1.5995776651102367
4.134134134134134,1.0071320398604773,311.687866309042,285.4124858949287,1.4583969347575072
4.1441441441441444,0.9102016242434793,306.08436824091564,295.0883073342175,1.472494235853173
4.1541541541541545,0.7997054666406692,309.2405984956058,291.35747655412825,1.4926487288284576
4.1641641641641645,1.0272313074987212,307.51242842817373,292.7573813761976,1.5420367241064774
4.1741741741741745,0.8812237164974535,307.94904102216736,291.7029460820025,1.5103901253676657
4.1841841841841845,0.9851043296872748,310.48221789652735,291.95347960464073,1.435368732642387
4.1941941941941945,0.8714230948908364,308.4543473749373,283.3676393584446,1.4733915718436406
4.2042042042042045,1.0682210146725049,308.5286330248208,295.23658853310724,1.4696322783393894
4.2142142142142145,1.035133685080578,309.61039067784526,295.84794996213884,1.4961389477388478
4.2242242242242245,0.8321350316506947,306.7487757593372,288.85304627965985,1.5212921829314914
4.2342342342342345,0.9515989185991004,305.81353712430814,289.7826152509307,1.5209102877943985
4.2442442442442445,0.9163683916800753,305.4155832836658,282.3444624872214,1.41119941229758
4.2542542542542545,0.9860615873118048,303.58570362474916,292.5712737800892,1.5531970493780427
4.2642642642642645,0.7500524478974899,311.6440160612803,292.8602872085707,1.512628442299831
4.2742742742742745,0.9124750963858781,305.3383398811143,289.6890449150034,1.5692266023796952
4.2842842842842845,0.9470164165400226,307.115373937079,295.6217667993525,1.5222099163645335
4.2942942942942945,0.6625829652547018,307.01734886409724,288.3296138451003,1.5550661478867882
4.3043043043043046,0.7173930053075686,308.19885279456724,292.823029629468,1.5233272655725063
4.314314314314315,0.6290366466988505,309.2285473621907,284.9016783065394,1.5673112878101374
4.324324324324325,0.8032393232675161,309.33102300284526,289.8822392456288,1.526112531800889
4.334334334334335,0.8991335785005765,306.4568937367355,289.1282287104858,1.4951042376778547
4.344344344344345,0.9747936784679301,307.301747220788,291.1265396102047,1.6136217360223442
4.354354354354355,0.8291254164416151,308.2140619786928,288.1523653558332,1.5444518561139946
4.364364364364365,0.9817148740950785,307.16440059782326,289.3426370216417,1.5286872210502207
4.374374374374375,0.677960042560441,310.88932406619705,294.13023585720754,1.4361847791730833
4.384384384384385,0.642728373218566,308.6694021213897,287.8161788138089,1.4355846191268231
4.394394394394395,0.8045879086992668,309.16999628277824,281.9671144963066,1.5146357741070926
4.404404404404405,0.8456049908251301,309.0387608779319,298.7479195210271,1.507276059888412
4.414414414414415,0.8009645181245797,310.07267277170655,296.90727039345245,1.4692938717495843
4.424424424424425,0.5945051838529251,308.10046392549356,283.5386865244719,1.507049134980603
4.434434434434435,0.7893327195129666,305.1574216478515,293.44853902622594,1.5794313464021799
4.444444444444445,0.6647731069725638,308.5630951165119,287.4851261472433,1.5347701237275149
4.454454454454455,0.8591427251842907,306.4736079775968,291.3174360766553,1.442949574512363
4.464464464464465,0.8257708641756105,306.7316597862743,291.47112064506746,1.4944245586428528
4.474474474474475,0.6920388629482899,308.9741613539103,288.8279609984184,1.4597516759573719
4.484484484484485,0.7315362618721464,310.2905083576657,286.081171672068,1.480615004179572
4.494494494494495,0.6738781012038663,307.86896294830507,286.5472947384187,1.4793192167185178
4.504504504504505,0.7703885094582968,308.4565320316912,285.4190404225938,1.4761177208697998
4.514514514514515,0.8690081617675758,311.25571068916554,285.84088895884776,1.4372432314013301
4.524524524524525,0.6717394595751542,308.3451704842566,289.6641085497532,1.4936172659240905
4.534534534534535,0.8175155539169721,313.07938216137495,286.4212000544462,1.4719696181576345
4.544544544544545,0.7108647625388221,309.019355464856,293.4102603285631,1.3535275654998866
4.554554554554555,0.6813637276856518,304.37909927932435,297.4362307766796,1.6026486012250831
4.564564564564565,0.7466894071270783,309.41956499809964,287.09973379314977,1.5544384827108335
4.574574574574575,0.6505906703932697,308.6874237689961,291.1970225026769,1.4811849637537502
4.584584584584585,0.6954535410176511,310.51680598682253,292.4984255515147,1.5009409524870299
4.594594594594595,0.6277154431908095,309.29582484783845,292.3600113545964,1.4414172826341218
4.604604604604605,0.9406417816656366,307.6846799824433,290.3797763395804,1.5847861438905433
4.614614614614615,0.744343018038328,305.52509337279884,293.7134120917986,1.5948644347386556
4.624624624624625,0.6674729490347533,307.56770926713824,292.41124476340326,1.5078346864123262
4.634634634634635,0.7554538548737004,306.29674880263,283.8116878883635,1.5511765322092672
4.644644644644645,0.7194150346813311,306.84874468555086,294.3457803219464,1.5087643389466963
4.654654654654655,0.7051245528021796,309.19891816478304,294.4364541863337,1.4331637280562035
4.664664664664665,0.7851936389494513,311.373507984121,286.18356947910706,1.4794088315518172
4.674674674674675,0.7960650655098662,308.8349474553892,290.189689177238,1.506596398338598
4.684684684684685,0.6637834614146038,305.66571144512966,293.41664496405537,1.4772726140628278
4.694694694694695,0.6557530770842764,308.95852378464093,288.9534309021032,1.4890673361282483
4.704704704704705,0.6823131873511246,310.4743899585781,295.36489023883007,1.4954300221245442
4.714714714714715,0.4760919155442408,306.87333732449093,301.8193624730968,1.495956075106727
4.724724724724725,0.5512129083183436,307.83661251118457,286.0700698368251,1.502612924524874
4.734734734734735,0.8358498203500586,308.1457344618784,283.09477698423115,1.4469697466801699
4.744744744744745,0.8600720299892357,306.5582401436954,291.5190929780244,1.4641491925436032
4.754754754754755,0.667067095540877,309.43624375772924,293.6078125256307,1.4357707867150016
4.764764764764765,0.7460045027776941,307.90940008907165,288.8456681307762,1.54889077748431
4.774774774774775,0.7158346857487718,309.0019420998641,297.26630331660516,1.3947176529079837
4.784784784784785,0.9889414629693849,306.39944096530957,283.3069710013838,1.5576795171658462
4.794794794794795,0.7893375246940061,307.31102406594675,293.46459311515804,1.5693174698631422
4.804804804804805,0.660897957443869,309.6421859185913,286.97069589620554,1.4848909706508688
4.814814814814815,0.5744284796305341,307.4632065797347,298.5968895310365,1.369843145608635
4.824824824824825,0.5056139156859512,311.6742173661173,299.9625767658406,1.4819344719016354
4.834834834834835,0.6828642455277463,307.43240112514485,286.16671706108326,1.496790791935559
4.844844844844845,0.5831255455538558,308.6923937879661,287.2522143204571,1.4494700890035543
4.854854854854855,0.5127614852952229,310.11952380216724,294.29793943489904,1.474239080309588
4.864864864864865,0.5865393965677536,305.4288953910223,288.0643467510524,1.5765097599431677
4.874874874874875,0.5392354008757712,304.75526082267345,289.7729439103388,1.533246358115087
4.884884884884885,0.8122816638503649,305.23678423342426,290.12694210271206,1.453771794281095
4.894894894894895,0.7278926537633894,310.82445026656745,280.4016342190117,1.4201200415202284
4.904904904904905,0.6350765664441418,307.20671770146583,289.9308112695288,1.4836491341195115
4.914914914914915,0.7799974683182064,313.43795118981666,286.55136112967915,1.489327161032478
4.924924924924925,0.6358532773564378,307.204142693523,287.53438588800117,1.5248099593681659
4.934934934934935,0.5380856842900085,308.7127923722879,297.2181600173441,1.4732341643716171
4.944944944944945,0.7726085334034067,311.43892810448796,283.7174655286037,1.525574978768093
4.954954954954955,0.6702536128664169,312.3778789233691,294.06602593373987,1.5967577020030115
4.964964964964965,0.5086890359894148,312.49965171823493,288.60518534834097,1.5407750511222131
4.974974974974975,0.589415485561873,310.8042948703788,288.60119915752085,1.4975955746334613
4.984984984984985,0.5169079883097518,310.44657168760614,293.9518594802586,1.4908424764473354
4.994994994994995,0.46219515884716933,309.5943511001125,291.70025647284444,1.4821663432910064
5.005005005005005,0.6890831630763914,309.9768362152173,292.85306498609765,1.5590320456226072
5.015015015015015,0.7833824072777821,307.32852574349374,294.8409233026643,1.468634327702435
5.025025025025025,0.44854448010226633,306.8052487314472,288.3434580840834,1.502261135449999
5.035035035035035,0.6406439159422299,308.44561307140157,286.93881632746127,1.5025598950940542
5.045045045045045,0.5152138522444981,308.12267435194815,284.574247367211,1.4749107903594234
5.055055055055055,0.5274821516838498,307.56723518914896,285.8729473501052,1.431376722605795
5.065065065065065,0.5128574448499433,309.8770799108772,304.74547212654363,1.5161487251808834
5.075075075075075,0.4815855764805374,310.40549515608,296.2233979036839,1.4969498014072309
5.085085085085085,0.568710404389167,308.68224418690914,283.2446281689599,1.5250120234718285
5.095095095095095,0.4766226934379333,311.47100216196657,283.38771021628213,1.4733199846780416
5.105105105105105,0.5826088302000956,306.24304122513314,292.4093303085925,1.5610410649406523
5.115115115115115,0.5463708623507534,308.1495438144046,292.73632398688983,1.4561613109394078
5.125125125125125,0.5233175818334392,307.11362715548535,292.7444191765868,1.5856020142008946
5.135135135135135,0.45226002585757036,304.8245733687151,288.7252210322315,1.4126181745085868
5.145145145145145,0.48112966197354057,308.4026257382071,289.3727286999855,1.5217385032278445
5.155155155155155,0.6101228234590887,308.33479825957346,291.6393976207968,1.5237715341263312
5.165165165165165,0.5804389341511905,311.6154645473807,290.42946503146663,1.460222146602956
5.175175175175175,0.428341920211295,309.860425791502,278.90349813626233,1.5212196968930507
5.185185185185185,0.5317677257834819,306.56063167113814,288.85100184712405,1.563975933488008
5.195195195195195,0.5926971861611394,312.32735884488375,285.74296782869845,1.3891590580322968
5.205205205205205,0.3463289594436507,311.07137494994464,290.87605709454255,1.5251372403745407
5.215215215215215,0.5633036631132391,309.80360222615286,304.92629501301707,1.3753364589834962
5.225225225225225,0.43839067464903086,308.19650325500294,291.8374083273715,1.4517167598238396
5.235235235235235,0.5573856825008753,306.74062294556865,288.432351569138,1.5814583182450472
5.245245245245245,0.4196601319121582,307.9250831258124,294.6090075098863,1.4709108983303973
5.255255255255255,0.31114564496300445,310.85695442886646,292.4134394360461,1.4413060017795514
5.265265265265265,0.324515103264905,312.45855552547386,292.1004724522592,1.4901031135507659
5.275275275275275,0.48770112763486706,311.785760867156,293.0342529660783,1.6033953169081776
5.285285285285285,0.5044760725849149,307.7314309972638,300.2827178241477,1.4084158876396986
5.295295295295295,0.3836713628146986,306.4797160981976,284.3455578233704,1.4474345044180328
5.305305305305305,0.533549597823652,309.0105096368888,292.36816038405726,1.5748715841589813
5.315315315315315,0.29911390658576464,305.2016096053598,285.3680943500923,1.5928851171768867
5.325325325325325,0.4542218388929473,309.3945399343196,292.77756323171127,1.4948284387854858
5.335335335335335,0.3352805609289812,308.4626804399201,285.40656744256955,1.4380473648736678
5.345345345345345,0.38673949988851797,307.8354586136494,287.91316593197456,1.604792175090458
5.355355355355355,0.45219258687965264,305.58773634736036,288.52455042881047,1.5797221195874598
5.365365365365365,0.35692978359805816,309.8139183806607,294.87908359672355,1.5339473493881117
5.375375375375375,0.4000228696452506,307.7308569565645,294.5922722197121,1.459379882553129
5.385385385385385,0.5346040250369332,306.46593017733625,283.7714131177681,1.4975485329580982
5.395395395395395,0.37177100613319203,303.0707093414665,290.27467055499926,1.4919819959477585
5.405405405405405,0.508504095274407,308.76963854565054,286.4521007262541,1.516542565230779
5.415415415415415,0.3074282449559791,312.3785707674482,283.70747544662333,1.5725500719065668
5.425425425425425,0.4688328635643218,312.1659498145242,288.91491474787813,1.5439708520568702
5.435435435435435,0.5554524060763848,307.93856723900825,288.4575860577209,1.4461311961507621
5.445445445445445,0.15956388927290874,307.657628516254,302.13358243172763,1.5688248225009769
5.455455455455455,0.3224614204594572,309.8088585147228,292.1647991268035,1.5156566070006579
5.465465465465465,0.45527069155505634,306.8837609334861,283.1119124962288,1.5343532897929457
5.475475475475475,0.37266151408898807,309.4933018275253,287.1761299791453,1.5733270429639301
5.485485485485485,0.42547337007812047,310.4310291705945,295.10691647714697,1.4444209875243224
5.495495495495495,0.3233432657207444,311.3618499807722,300.44221386434964,1.4982087210646768
5.505505505505505,0.387774152050502,308.716754595929,282.07008343881023,1.4734272724320392
5.515515515515515,0.3589113418311514,308.51875872473755,280.6003780743048,1.4216070287317273
5.525525525525525,0.48661178289435886,307.1791487518519,299.3548258768589,1.517335498880246
5.535535535535535,0.390620908076986,307.29032510552685,291.9480708868545,1.6255778275792212
5.545545545545545,0.39427518923500765,308.5000640700536,285.6585363406182,1.4079961127747123
5.555555555555555,0.31465429478881896,309.69665302393196,292.6731454306122,1.4983859694475266
5.565565565565565,0.30239952351739396,310.7979554997299,276.8212613049156,1.5320271467537387
5.575575575575575,0.3032136850965942,307.3732566278594,290.0168775329858,1.506153910082809
5.585585585585585,0.3812153970013245,311.973783958705,291.6391058642154,1.494343597374213
5.595595595595595,0.29496385221553373,308.4549158846361,294.62135069768914,1.4350391818277088
5.605605605605605,0.3613234601029564,308.96314870323397,284.9305202385373,1.5116393371470083
5.615615615615615,0.5351614031193749,307.5201440431684,290.4284358070168,1.4621618011492037
5.625625625625625,0.4100009355178962,304.17473485996896,285.37287686970205,1.3905039147510723
5.635635635635635,0.28554516551442166,310.79991798714417,291.27691877837157,1.5597296110256866
5.645645645645645,0.4335199949014787,310.5140906028543,285.5232683881849,1.5479192909921022
5.655655655655655,0.26783429869466213,308.48628707464945,287.9594958041989,1.502583048842554
5.665665665665665,0.10006488430573376,309.1914267352951,285.0209230260489,1.5114537344102852
5.675675675675675,0.19829659642423736,310.09779054587557,293.2556812091183,1.5537159006357781
5.685685685685685,0.1072464325130795,305.9492508700438,294.29225558328335,1.5112169828389042
5.6956956956956954,0.254387300447612,308.0246313324118,288.8268971502129,1.5452008777380657
5.7057057057057055,0.2865862580570182,310.6796237459299,290.1911899748001,1.4851258899563076
5.7157157157157155,0.4475867897976926,306.5908368027263,282.7570429268323,1.5655991869286974
5.7257257257257255,0.3078274217986798,309.6948163052215,288.50161675996605,1.516039286296634
5.7357357357357355,0.24840936526335627,306.4027851197042,289.7489769147913,1.5097025971802938
5.7457457457457455,0.3484379384769808,310.0570204450611,303.1039654551499,1.4364969455643983
5.7557557557557555,0.03955516095679909,309.06105269710946,284.4401648711292,1.5143477927150855
5.7657657657657655,0.27939492941072364,305.9102106089049,297.3208861937622,1.4584022541252775
5.7757757757757755,0.3280783660964944,311.4780548935234,294.98429386732903,1.4680858636735752
5.7857857857857855,0.09828530788625955,307.6874583073151,291.40318202245066,1.459231218584194
5.7957957957957955,0.35566525663026033,307.54416516326785,298.7931024209757,1.4466882534050387
5.8058058058058055,0.2702793685880289,309.57380027604853,291.8605273630343,1.6062385701508481
5.8158158158158155,0.19003488940745256,311.4778916606074,291.9457959783396,1.5665669530994202
5.8258258258258255,0.28997001969162095,307.15689160794557,289.73439673491225,1.596018375107213
5.8358358358358355,0.44888359250930276,309.3197764020034,296.1178444120931,1.4388552490222217
5.8458458458458455,0.2351178494291406,310.06189430003735,295.48234616905444,1.5035626874955446
5.8558558558558556,0.23686476561564565,310.59828022019366,286.8716135625189,1.4353246187397952
5.865865865865866,0.1612127884192623,309.5727229004421,283.40376402700616,1.4652152561401468
5.875875875875876,0.11726542373035433,308.4935179427249,288.9850968130217,1.4540936508291713
5.885885885885886,0.280379358271182,307.5800900263845,285.9998071780118,1.561979200322078
5.895895895895896,0.1068283664495893,309.4152180655023,289.6823771269232,1.480188516094912
5.905905905905906,0.19467952464118135,307.10627506140276,296.1871906734207,1.553418966684701
5.915915915915916,0.1348386106685514,303.41543782803353,287.71349172456604,1.5302060444794259
5.925925925925926,0.22557921810225706,310.13880700626777,289.7858830934421,1.6151819376052394
5.935935935935936,0.20611987531986498,311.08106854608053,290.290113674042,1.4260277888430137
5.945945945945946,0.2715757609972691,304.55480829170006,294.24215441102643,1.5629616619893398
5.955955955955956,0.11188402452723328,307.2686488552023,278.76555333007695,1.5573220435200363
5.965965965965966,0.130957988434991,310.53381866162596,286.9664985261735,1.4513310580986483
5.975975975975976,0.05512497139979193,313.4178636975284,291.05641846139736,1.550356666823658
5.985985985985986,0.1036240452969748,309.3517855059319,296.0003947821343,1.5168072481513115
5.995995995995996,0.1808317401953065,307.8614802252256,287.54048776246896,1.4886261870023296
6.006006006006006,0.2138452874409711,308.95894389799315,280.6172364697906,1.4588032256514
6.016016016016016,0.040971167673171424,312.0817029173736,293.0985572298307,1.4640445274275407
6.026026026026026,0.21518623006107307,308.04719761714694,286.82318805587187,1.6024906047892964
6.036036036036036,0.25882414983541746,307.7478804270977,284.0516667045482,1.5000341409478741
6.046046046046046,0.15963549250677941,308.38787840110865,286.8782730514339,1.539106500076573
6.056056056056056,0.3010002584523502,307.45377174564123,289.0773732117207,1.4604550309166224
6.066066066066066,0.03096759361277207,309.612795594135,286.97627667730893,1.461007352688918
6.076076076076076,-0.021095834564061403,312.62380033421175,278.9721697145047,1.5540992404624971
6.086086086086086,-0.07948185629113026,310.0275528457626,294.4853309844357,1.4325211894224235
6.096096096096096,0.24301266790446568,308.88360057680734,296.3743752063936,1.4792393116047364
6.106106106106106,0.15386053066874178,308.8115606963212,293.25760995669754,1.5017013705536115
6.116116116116116,0.07787901119773828,306.27563961385664,284.3115716478759,1.5055686300920026
6.126126126126126,0.10644576406547941,311.1750410992404,288.99254233026244,1.4910453357491922
6.136136136136136,-0.03909054529839687,309.25990975395945,289.9673934238527,1.5197909890547963
6.146146146146146,0.31304117525748765,309.0613491860809,292.99397194780954,1.5346427877908906
6.156156156156156,0.07639399828339916,315.8152112495139,293.3417024435904,1.5367318772729666
6.166166166166166,0.06941567236439329,310.03315123960044,286.3291310061075,1.4507098095666087
6.176176176176176,0.1260557032818348,307.938674813556,290.4099777820678,1.4857922451035601
6.186186186186186,0.09658147240250445,308.5961153675461,292.2864020230762,1.5597381430938468
6.196196196196196,0.06586924555474985,311.7522577535477,297.2791116107338,1.5447323593786937
6.206206206206206,-0.040567397715802915,309.6884050342175,293.5225326991236,1.4313570274259468
6.216216216216216,0.08062512431814364,306.59176821124225,293.9452834368776,1.5175739950176101
6.226226226226226,0.21667814039597014,311.31320404261805,290.4191331396468,1.4010887375312595
6.236236236236236,0.1580143841911845,308.14484203309644,297.0522957260175,1.5023467451030186
6.246246246246246,0.17778714308320265,313.2340717868452,292.0488139797975,1.5948883508372989
6.256256256256256,-0.03765744901613509,311.653880370169,285.69456044913215,1.4526053641365506
6.266266266266266,-0.09050106246763287,308.6054104005633,297.01684985062593,1.458283847725421
6.276276276276276,-0.009124183429150657,312.06831879217344,293.48951636269516,1.538201489078643
6.286286286286286,0.004022002296753805,309.6481908652844,287.7847798943576,1.4228599242395177
6.296296296296296,0.1028637042418325,311.22418284387965,287.6025351630038,1.4683622485057481
6.306306306306306,-0.18080670503577898,310.49421862683704,291.4828777257038,1.5298220568790877
6.316316316316316,0.13639028500705705,307.8381190055675,292.3159239763379,1.4682857076155298
6.326326326326326,-0.03736962672432193,308.24977377453786,290.98646132815605,1.4882015006394513
6.336336336336336,-0.06926049348872822,311.602797974068,291.55654336721443,1.5372092855157518
6.346346346346346,-0.13278570800867845,308.87929032647526,298.4997868728819,1.521077304176828
6.356356356356356,-0.20206303069666837,308.7474704441304,295.3577157611744,1.51334091981477
6.366366366366366,0.04073851812246051,307.65041029623205,290.95317795632513,1.483043886036498
6.376376376376376,-0.03924687877514793,310.41370335122497,294.7065529038374,1.5185030557634478
6.386386386386386,-0.18057373389146758,313.6973664809765,284.8373804823623,1.4938133659950121
6.396396396396396,-0.18608319752594116,307.44302387048646,291.989635249734,1.5228902804962892
6.406406406406406,-0.09515004943774535,309.6322632797597,299.04653174866553,1.475153398744101
6.416416416416417,0.10033585620052436,312.41396173259363,288.9097705230381,1.4908715512810229
6.426426426426427,-0.09751848079721612,309.43589565971905,285.76183035690457,1.4505021103723994
6.436436436436437,-0.22686489774186602,310.50554139758,286.7395555570347,1.4982496194996882
6.446446446446447,-0.1061142480135128,307.4815916315566,284.55183481328805,1.4594499568185577
6.456456456456457,-0.11379959517715138,310.4685352625672,286.0761904593615,1.4442976774919003
6.466466466466467,-0.36120103158471695,309.2431363937621,288.14745950704986,1.5129330573927695
6.476476476476477,-0.10192469064362868,311.5943502240084,282.97216490410676,1.510636988792883
6.486486486486487,-0.12456907650694203,312.00308907600885,290.078091669748,1.5391436867474286
6.496496496496497,-0.03683286453227641,314.81283240675003,294.51138586893325,1.4784437215212451
6.506506506506507,0.07346689761600066,310.7983210069804,285.4612190992654,1.5204026423418378
6.516516516516517,-0.0037446284968997434,310.295958198124,297.59641961820887,1.5275398786136831
6.526526526526527,-0.1482595042293024,310.0384064178007,292.55396044263796,1.5222386903915797
6.536536536536537,-0.23698968943295093,308.9485388028595,295.1529029281203,1.458717315859893
6.546546546546547,0.126035583128438,310.33703395241156,286.7108272307393,1.5074681741135594
6.556556556556557,-0.13033856335491892,309.07441960456873,294.2726261353331,1.5182070148027331
6.566566566566567,-0.1398240737985957,310.00726179842985,284.5403304980234,1.500358923345397
6.576576576576577,-0.14858257044526751,312.3106135793251,294.45123750418253,1.3956761170814458
6.586586586586587,-0.13131098283847825,307.66737326058774,290.85919669896765,1.508024481198674
6.596596596596597,-0.170501111742762,311.96521659706235,292.7662560999239,1.6106265519698622
6.606606606606607,-0.21837297343991857,312.3246518737162,284.12202697187575,1.4819980365621508
6.616616616616617,-0.22063033585413164,309.4592081099728,285.52465078861695,1.463596145107234
6.626626626626627,-0.17415328081783957,305.4565199318093,292.9861410912669,1.5186674279855699
6.636636636636637,-0.23014966247912358,308.4894314428847,285.258259978879,1.5156189105233286
6.646646646646647,-0.25201659122896763,312.30387129939714,292.3160314604956,1.5596367582708208
6.656656656656657,-0.1750092904465188,309.6689139535669,283.1643109676988,1.4371065922045556
6.666666666666667,-0.21606568461757092,307.72077454904326,294.2408710633333,1.5365690126287497
6.676676676676677,-0.04507953994517691,308.71451915127034,283.83738342615743,1.5295211030625733
6.686686686686687,-0.4654817988213369,311.40996005265714,292.76149968839763,1.4928926731529728
6.696696696696697,-0.09613509232411854,310.82679914915843,293.12815466823,1.5169343658960845
6.706706706706707,-0.08557307538752196,309.2600408162253,286.5161409078521,1.551472874079918
6.716716716716717,-0.4224111699452805,309.008790163117,292.9101328354236,1.5436157690014225
6.726726726726727,-0.25422607061750074,308.963417613041,291.3022113166678,1.4428490343963136
6.736736736736737,-0.26198105237838276,307.90656940069874,287.3057907190363,1.5410079093377742
6.746746746746747,-0.37046215764880264,312.9865579235273,284.957226579619,1.4967655697483742
6.756756756756757,-0.3123609250688319,309.11554327968173,280.1868715416371,1.5036437049007758
6.766766766766767,-0.3504992327733303,312.1988398143488,291.74825023649845,1.5036598495500848
6.776776776776777,-0.06907099778263884,312.8114542948245,282.17598614318973,1.492487850560087
6.786786786786787,-0.15558047703698158,311.76970425201375,290.47672099720654,1.5595853748553532
6.796796796796797,-0.1268368399080312,308.91406292440115,288.68275891958876,1.4958141020075395
6.806806806806807,-0.18666281354469727,310.5889456370928,293.395713877191,1.4440226935808416
6.816816816816817,-0.37656638391441427,309.73723694592195,288.4897725025507,1.4803235072015135
6.826826826826827,-0.32093781554509554,307.9823279186256,288.35276106826456,1.5089347358405238
6.836836836836837,-0.22436618934361718,310.4425144475622,293.65935352144146,1.5614607392148525
6.846846846846847,-0.40032743664234194,307.439741292194,291.6752901454206,1.5301547342474418
6.856856856856857,-0.21161885624417714,312.1771653720607,291.5807797859139,1.457473236062648
6.866866866866867,-0.3117481954656287,308.87651843541926,292.3463379490426,1.6242594958339445
6.876876876876877,-0.32998748550943796,310.2119794750773,282.3221393839645,1.513238765548899
6.886886886886887,-0.22619182977173147,310.38010372251694,293.7839433999349,1.5637695368999507
6.896896896896897,-0.2576364702142425,309.29954651538446,293.062343970068,1.4924142783211385
6.906906906906907,-0.34292682603545666,310.9945332010417,284.91658435711753,1.5266679622352726
6.916916916916917,-0.19565695110408104,308.8750880568882,288.779597631629,1.5419734252259203
6.926926926926927,-0.42444818085256353,311.5712003588042,289.80346356186186,1.5609097355877128
6.936936936936937,-0.2594922796797054,307.14031740399594,289.32751607799133,1.5528684152689112
6.946946946946947,-0.2665116636512268,310.0886675163117,291.6692998328427,1.5436098500036488
6.956956956956957,-0.36150422061014054,313.71735852563916,297.1568339091559,1.4842456634402945
6.966966966966967,-0.3026557814107711,307.842390611792,295.4088336383642,1.4714126979021969
6.976976976976977,-0.46509154973156275,308.49107660237144,283.43890403284297,1.5166303755162098
6.986986986986987,-0.25228008211882563,310.87785606001313,293.1103499515302,1.5466564036170534
6.996996996996997,-0.3678669553186963,310.21263826278164,296.64466659767703,1.4888639649611697
7.007007007007007,-0.4063342494658354,310.558129742825,291.934042603446,1.5532585982857192
7.017017017017017,-0.25383736130991846,310.8385991435102,295.45490212592983,1.572630837274309
7.027027027027027,-0.4338400030253656,311.13298363938884,300.06135222850384,1.454183954046329
7.037037037037037,-0.5089100103655084,312.0862166720517,295.1185477305349,1.458153964810186
7.047047047047047,-0.5283758248309985,310.68969104156236,291.24654297820865,1.4929812470547332
7.057057057057057,-0.3167516026266668,309.3907355987537,295.22544237042376,1.5153806334094597
7.067067067067067,-0.510025770602301,311.22155591858655,290.72443916548445,1.4737716493116475
7.077077077077077,-0.2111240860669404,313.679290409411,290.11951521642476,1.5676101339433572
7.087087087087087,-0.5994074295398537,309.6173374730472,288.24292882143135,1.5212033430759226
7.097097097097097,-0.22617003647671632,307.9365851730765,297.81706679416055,1.501972352412037
7.107107107107107,-0.37930519594805284,312.10280431583135,285.90785667029,1.4282045238065737
7.117117117117117,-0.4146594930149021,309.6508402104032,297.66183862339057,1.4342092091786247
7.127127127127127,-0.46405118470511436,305.5491833616867,292.49932061870186,1.5140504625140903
7.137137137137137,-0.3742064993161631,311.59224606606836,283.0034691259903,1.393370218692258
7.147147147147147,-0.4224340420027864,308.8295869290167,291.8382464649571,1.5506318704822035
7.157157157157157,-0.3128803568602091,309.7219776451924,279.49986746174187,1.492092307781384
7.167167167167167,-0.4163171520634105,310.569766088308,293.12754008415516,1.6621546484797367
7.177177177177177,-0.41722839775650505,310.2895263015234,294.42615741494495,1.6153958125308054
7.187187187187187,-0.4731276240100215,311.3301123775568,287.0382202217397,1.4909275465376242
7.197197197197197,-0.4469578530383342,309.04287807922213,290.6177384797779,1.4946831498734343
7.207207207207207,-0.4149689479991175,310.94266475897706,299.77078716875144,1.5497790757001015
7.217217217217217,-0.6212406323503369,309.39992240447003,287.4712664786903,1.585158630495902
7.227227227227227,-0.589505725375311,311.3991595629048,284.705462064717,1.4180985471281993
7.237237237237237,-0.3848127739182249,311.15475664501514,297.408317012313,1.4106812267322657
7.247247247247247,-0.44649313821644465,308.0555875731742,299.81293595265396,1.4688982597222808
7.257257257257257,-0.486406901691641,312.10083272451027,290.0184783592392,1.5291368791586932
7.267267267267267,-0.4705823371516639,308.8593053218179,295.0573151770418,1.52484367952538
7.277277277277277,-0.4420728880485433,311.5496717240094,296.7073795776544,1.5534885727491925
7.287287287287287,-0.5352004101132605,310.67041485585185,286.2875788373081,1.4400151235817347
7.297297297297297,-0.5634362434369197,313.61445186128776,287.5734708231607,1.384192806851556
7.307307307307307,-0.47039040976564767,309.4933569896533,296.15437256577366,1.5429007097651073
7.317317317317317,-0.5921691035323425,309.24381996807597,298.42507139354257,1.4585901863517383
7.327327327327327,-0.4578510576713052,309.9057391049921,292.8144043008718,1.399075606780568
7.337337337337337,-0.6732667092849282,309.3403036495782,285.6009282324897,1.507253187297969
7.347347347347347,-0.4044122003763597,311.5485920512776,299.9353055584972,1.539658784410934
7.357357357357357,-0.4643747225433378,306.71809218813826,287.3451455109402,1.493897143393936
7.367367367367367,-0.4903253875738101,307.84531384177103,288.32431109414273,1.4771075806908756
7.377377377377377,-0.42194022881399124,307.8189982215153,291.71168917244813,1.4920318883927046
7.387387387387387,-0.35792981771011856,311.85710473507135,297.7708021035739,1.4814708618799608
7.397397397397397,-0.4272950524350175,313.3795618770221,294.26987988276113,1.4325976444029918
7.407407407407407,-0.7170610341003135,309.75124236240396,292.07432750180953,1.4642659661504784
7.4174174174174174,-0.665159508669927,309.62426310036875,292.31644265059055,1.5260639952506907
7.4274274274274275,-0.6038984138774894,310.1037366928172,290.21757334321734,1.516083927068825
7.4374374374374375,-0.5430086327013239,312.2890748573044,292.79069757259253,1.508402990298341
7.4474474474474475,-0.4980393495532063,308.1122579281021,277.3521996115285,1.450242575907331
7.4574574574574575,-0.626553374159084,310.44530815864914,288.516962704651,1.4909248418932166
7.4674674674674675,-0.5394621804532425,311.92053149530494,291.2066096745839,1.3911467476778572
7.4774774774774775,-0.6378230328024,310.97385065776785,284.24492958190245,1.5089238331942696
7.4874874874874875,-0.6275683172868294,310.3523116667046,291.9316165890578,1.5714428853906783
7.4974974974974975,-0.7112002553458532,311.97668676177506,288.9776438950694,1.4262933933978947
7.5075075075075075,-0.6669607870521563,304.5695361554943,298.77737849157745,1.4707036163341123
7.5175175175175175,-0.7138948451011936,311.33311756148913,297.86509862607426,1.5164553389355064
7.5275275275275275,-0.6803881348266556,308.67054174771386,287.6709721544092,1.5626421317213741
7.5375375375375375,-0.4814964556839293,306.3187135170886,289.24581144216654,1.4775887691849925
7.5475475475475475,-0.6858456491713979,311.0036307068207,289.630262171958,1.4653874835367051
7.5575575575575575,-0.33169787654518235,312.72974879020745,287.7417026192019,1.4015538428791958
7.5675675675675675,-0.5496197125191011,309.7087008530441,290.9751249201406,1.5051719064654052
7.5775775775775776,-0.5844683060671703,311.8904731447564,286.20858965556204,1.6021038020071872
7.587587587587588,-0.6927730083249375,313.21036671549825,284.3469233253124,1.5138679230982337
7.597597597597598,-0.5408763504446132,312.61668523262557,293.11355611950137,1.4988860510408144
7.607607607607608,-0.672425925845226,313.26779148271004,293.14764792110907,1.5161041155383492
7.617617617617618,-0.6066005642821372,311.4730834731616,285.97842120170003,1.4994453998025699
7.627627627627628,-0.36671699345218406,310.1406218005402,294.476777153813,1.4593492813869935
7.637637637637638,-0.6362397394972612,306.7867088916191,286.84211135417337,1.5411639957838852
7.647647647647648,-0.5155990219522435,309.4993614892362,291.2658261901899,1.5112880761555878
7.657657657657658,-0.7047208074498514,308.3057991789619,294.10172006306226,1.5008806625966828
7.667667667667668,-0.6417629325296593,314.3349436594736,289.83193717648146,1.4512316986360876
7.677677677677678,-0.4650289499292639,309.6420124022129,292.27370456070565,1.5651753965967379
7.687687687687688,-0.7086345644390102,310.2408793880531,287.41785178056216,1.5332351372666555
7.697697697697698,-0.4685056672698672,311.09808621602997,289.01766708285953,1.472353958131635
7.707707707707708,-0.5827717176679167,310.0829259856294,288.9707028455983,1.550091242684097
7.717717717717718,-0.7135736055817633,313.38638873972457,286.2671082672988,1.4751214580807397
7.727727727727728,-0.5978497048111181,308.7515134361491,289.1161291844211,1.460899825374448
7.737737737737738,-0.5675820241467608,310.3865125035175,282.2569085056813,1.4620148441259857
7.747747747747748,-0.6063868090867132,308.5128017857965,287.54423126428946,1.4114465723455953
7.757757757757758,-0.8293038658577057,307.35810322784016,288.57562253315166,1.5235771190209102
7.767767767767768,-0.7486918593471245,308.7749752888751,288.7191012375231,1.4084427560830826
7.777777777777778,-0.7044098199478966,309.9247650228442,288.7925127706461,1.4385778084367118
7.787787787787788,-0.6907640884835501,309.1405192387099,289.6911790006994,1.3962205995460732
7.797797797797798,-0.6248992077990152,308.61452672220565,292.3972075904303,1.4956965153604553
7.807807807807808,-0.6728247809168671,307.1869386712421,294.3725853706626,1.4924839769864064
7.817817817817818,-0.8277404809197917,309.8335272915631,286.7511738657587,1.4836651893406818
7.827827827827828,-0.6597800341095125,306.99042244793475,283.98399572305425,1.4478711152664712
7.837837837837838,-0.6403175389416671,311.5200598029938,284.7897779387845,1.441388312328168
7.847847847847848,-0.6489557934492466,310.1648719812035,287.56398539402534,1.5232184931773287
7.857857857857858,-0.6003978318254134,307.084893996048,288.2403934109175,1.4724724034145755
7.867867867867868,-0.6286070077269467,309.3815432804267,286.1500196690127,1.5158179160768073
7.877877877877878,-0.6695866984631749,308.49557298294167,283.51941667875053,1.4557375656937888
7.887887887887888,-0.7260088373268505,310.6381190949086,287.7193958626291,1.509053137138554
7.897897897897898,-0.8885579085548856,312.68051516687865,290.90713310056987,1.5651639018658032
7.907907907907908,-0.6829514446273798,306.2490734577422,292.97514732917784,1.529308290019639
7.917917917917918,-0.7085777650177958,310.2292345997542,287.2128847344584,1.479379309089176
7.927927927927928,-0.7056036470607331,309.67864081792175,287.9350108892828,1.5128599485177963
7.937937937937938,-0.863833029715406,311.341270453828,285.36650845576344,1.4879667412734894
7.947947947947948,-0.8476420267483037,310.42462737481776,289.8428041481261,1.5003940092347363
7.957957957957958,-0.6375807625452858,308.49389919925096,285.7578568290459,1.4837194473925748
7.967967967967968,-0.7501926288723972,309.35929366434067,292.865639066206,1.4917832397057305
7.977977977977978,-0.6814094161009118,308.4048734253202,281.07066754032945,1.5106046676537088
7.987987987987988,-0.7500312440943544,312.14842295159497,288.20185163773766,1.4503320650209024
7.997997997997998,-0.7531722043896841,310.03847544149943,291.5055366959587,1.4492060586505011
8.008008008008009,-0.6655852328534217,313.7976369219372,290.91917258161254,1.4305728723084394
8.018018018018019,-0.814264858056184,309.87329726798674,303.4651683199025,1.4199864447748145
8.028028028028029,-0.7562759746637283,308.5771286484406,291.74900012283956,1.439135865388976
8.038038038038039,-0.8153240628385311,306.96579662785433,284.97972701578993,1.5079731253402064
8.048048048048049,-0.8157353724357412,306.38618923843245,289.52267876455466,1.4553606242254058
8.058058058058059,-0.8063728319882122,306.82339983287693,281.11876833266774,1.5256807232115548
8.068068068068069,-0.7563926872458572,310.5250881021275,289.59700125351617,1.5017356874376282
8.078078078078079,-0.8296118672437843,311.00740788440845,285.8347197149962,1.4015747893280972
8.088088088088089,-0.6592727506584857,306.82665943187067,294.5769513778008,1.5327487792110845
8.098098098098099,-0.87740079110679,311.77816042589126,287.2522986270223,1.5405399322795854
8.108108108108109,-0.8096991850534808,309.0209646238296,289.41617042102376,1.4503068662582574
8.118118118118119,-0.8380372713481093,310.279635652275,286.82221079297796,1.5210095771447496
8.128128128128129,-0.6523986306432082,313.20941376172846,298.69425675926664,1.45717508812954
8.138138138138139,-0.7804532277018357,311.777533993986,288.3937861694104,1.5048835188374168
8.148148148148149,-0.6999164949392233,309.4456369080818,299.162785217396,1.4367750796522518
8.158158158158159,-0.9546291120257908,308.19911658394034,294.0707588105913,1.410344677373271
8.168168168168169,-0.782319981822268,305.67663305702706,292.4103336366769,1.4808591405193516
8.178178178178179,-0.7229935964390376,308.5406800451115,291.8436657365876,1.4938135526862582
8.188188188188189,-0.8066396051327733,309.5554090339664,291.96898649108124,1.4801160153192698
8.198198198198199,-0.7112108821506278,308.001953294739,280.36163710327196,1.440798472088872
8.208208208208209,-0.8723581953844586,309.71240126710984,288.6055830292462,1.4800050468934431
8.218218218218219,-0.682544480289178,310.12718183989847,294.2257898559216,1.5134647376290367
8.228228228228229,-0.5964186577057747,309.5222890092446,289.7555140826295,1.497755348493873
8.238238238238239,-0.8654008728256078,308.67047874220737,282.9740507659821,1.5091250515299606
8.248248248248249,-0.8764550462354805,310.30623621697526,289.73797774711267,1.4664942399772884
8.258258258258259,-0.6893332844633284,310.85121118580287,298.52052758127746,1.558585895735808
8.268268268268269,-0.6794605471357943,307.78489479623596,296.2344585776736,1.441191333172261
8.278278278278279,-0.8924288166239287,312.785880832468,289.6899799531698,1.524378014854336
8.288288288288289,-0.8848655022212737,309.765122994378,294.75724638529044,1.5590945546479982
8.298298298298299,-0.8737081746687472,309.99824176180545,288.1674648981597,1.5240454046374448
8.308308308308309,-0.9826364776185178,311.3751746974373,281.4806420658664,1.4898737886467586
8.318318318318319,-0.9426970866813236,310.42334153369995,285.3776700593522,1.4735851476668511
8.328328328328329,-0.9538651208676232,311.8613060518495,297.814443842541,1.551804382552313
8.338338338338339,-0.9328285738942192,310.52736472739906,288.6300345908535,1.4288512537369162
8.348348348348349,-0.8620936352714743,308.72628536849015,288.7830801031249,1.4514937869810178
8.358358358358359,-0.8377584938486298,310.6721710046029,288.5008090186256,1.480122111725414
8.368368368368369,-0.7086631658125422,307.65967549961357,299.52068294786505,1.5618826878755998
8.378378378378379,-0.9660602311237594,310.1621714176773,298.1297945768103,1.5189883818020449
8.388388388388389,-0.7702825002064778,309.8764762568301,301.0939011672407,1.4515977120744878
8.398398398398399,-0.892581776156891,309.5245469041741,289.20477394799974,1.4844846147307549
8.408408408408409,-0.8785755912284795,309.6815101336865,291.47812244373546,1.4692838427951853
8.418418418418419,-0.8085717151435785,306.172651769459,282.41678725289603,1.4645105503883233
8.428428428428429,-0.9907283654491983,308.8366249238658,297.38467213059135,1.548944477927839
8.438438438438439,-0.8425956822603666,310.11744960464586,284.1611022436603,1.4314128435368247
8.448448448448449,-0.8665498646649243,310.249117842775,291.08387781881316,1.5804390427867188
8.458458458458459,-0.8362862636358379,307.8716602361833,284.51348736183576,1.541411484509231
8.468468468468469,-0.8589286476147765,312.4559918714555,287.0556658663065,1.554543083530185
8.478478478478479,-0.6446073794330485,308.18975238718065,285.8136878447515,1.476853024398737
8.488488488488489,-0.9561809753058417,311.8585026106556,286.9606236966209,1.4925029640460445
8.498498498498499,-0.9477539010223391,310.77142330152253,287.30438648425513,1.4283424092737644
8.508508508508509,-0.9591930756978275,308.6219865786881,287.2586560253746,1.4737668796466599
8.518518518518519,-0.9546290856645867,313.4624298670051,294.16666955890156,1.5246827423821576
8.528528528528529,-0.9649999151635045,307.5218615750508,284.4756860346874,1.5648031530890698
8.538538538538539,-0.7845168013927122,311.74473102664166,291.10270713506935,1.4446421591598775
8.548548548548549,-0.763502651122206,311.90483505131766,296.0897957615278,1.4817247031507368
8.558558558558559,-0.9647396425886577,308.55963803887164,287.434018177433,1.4924350389883738
8.568568568568569,-0.9929897707873685,312.68297741612025,286.410405546262,1.4302105398903757
8.578578578578579,-0.8646790687377435,309.3950824742831,288.84737687409876,1.52956746208792
8.588588588588589,-0.9690864985764819,310.469651789561,295.89862604180354,1.4638004834128695
8.598598598598599,-0.8525916898259276,310.40995758776216,290.9705381547668,1.4902304824411488
8.608608608608609,-0.8975903040325196,309.6177061700213,287.34392852696203,1.4774025314044061
8.618618618618619,-1.0714317591533256,311.5049103175338,292.4193832559402,1.4605330747140162
8.62862862862863,-0.76705852660901,311.46720171822363,284.4885392508179,1.4996477507259722
8.63863863863864,-0.7441498871832323,306.3800512365034,293.40679755221475,1.4892195210715988
8.64864864864865,-0.9869219916426777,312.4826469870135,292.04303653850883,1.4814071058860667
8.65865865865866,-0.9662955593079593,306.5457942685002,288.46095764430555,1.4635769189159828
8.66866866866867,-0.9007979104294839,311.93264283438447,285.80707100776385,1.5159762335391478
8.67867867867868,-0.8977745355892282,312.11769333123857,285.5665953885827,1.5826808634246143
8.68868868868869,-0.8671782253189891,307.6790432928834,292.67408668172953,1.5069943616419563
8.6986986986987,-0.733801264218751,309.03600115023727,296.1449025124453,1.5498059107455564
8.70870870870871,-0.954282089048545,307.64283445252204,286.813461264856,1.430488903742327
8.71871871871872,-1.0181592774218517,309.42097629634964,292.2919335177574,1.5078880719646885
8.72872872872873,-1.0779801572616226,309.23128487380365,279.56486490698967,1.4451315840514467
8.73873873873874,-1.0148363717168112,311.40317012366404,287.076911346714,1.426153753623405
8.74874874874875,-0.9467276075796077,312.46092271406275,289.8447053356455,1.4630314296270481
8.75875875875876,-0.7656070339450378,312.6280895660532,285.45158291509085,1.5595949667206785
8.76876876876877,-0.9984481863598188,308.7087631882798,285.317468126052,1.5475007914334822
8.77877877877878,-0.9259087829193408,309.41099337974373,286.6611022176556,1.51215023610272
8.78878878878879,-0.9515066346920752,306.4588592320983,291.46096364163185,1.4233649720055035
8.7987987987988,-0.832577990618052,308.21025459120204,289.0633549079681,1.490185967430603
8.80880880880881,-0.7002532152280438,311.7479177313838,278.80884383337514,1.5150850004450869
8.81881881881882,-1.0075386036294807,313.0455605017714,279.3964992368247,1.50877681147893
8.82882882882883,-1.0048770300737997,307.34183816420176,286.96567411071413,1.4078103208259627
8.83883883883884,-0.8529744114539961,308.6217091222098,292.2884329302678,1.4554841075990064
8.84884884884885,-0.890634780883358,309.74988855404337,276.26247578637384,1.496796111792564
8.85885885885886,-0.7755626093961603,310.3590455237195,287.50134911924187,1.5268145454758595
8.86886886886887,-0.9032258816938242,308.17550003096886,287.3687607174129,1.3901936089450027
8.87887887887888,-0.9989091789914104,310.63877376718165,296.94168889104225,1.491893801226007
8.88888888888889,-0.9052516338595473,308.83887835051655,288.0748909414357,1.5071524384939476
8.8988988988989,-0.854759749720788,309.75351864468155,291.91494492370464,1.5424805994258106
8.90890890890891,-0.8848706914534192,310.87081861616866,290.7062857004373,1.5346428792118718
8.91891891891892,-0.9174560869157643,309.7868824021754,279.347167600964,1.5291285659404403
8.92892892892893,-0.8627563485024096,308.8970146494446,293.8410360831587,1.4600029746649033
8.93893893893894,-0.8537103017628507,309.5462762331819,291.0769825272814,1.4045998931438346
8.94894894894895,-0.8336156904991066,309.58444019294706,292.54134319837294,1.4803473621469299
8.95895895895896,-0.9081279852358515,309.01677519905974,309.6311885321816,1.550081591260428
8.96896896896897,-0.9908537927719668,309.23479717560843,279.5794353025071,1.5696727263762216
8.97897897897898,-0.9605892245634787,312.94523659639026,298.62348324880554,1.5355274551148892
8.98898898898899,-0.8557038747224014,310.8652950358449,288.5627624029982,1.5214670411400868
8.998998998999,-1.0591180589290952,309.1479703366094,291.43664452201506,1.5189819824192983
9.00900900900901,-0.9416023968944026,311.12827558065516,289.7724387734938,1.472194062661961
9.01901901901902,-1.018824334276752,309.06212457564175,287.8788183330098,1.493496985322319
9.02902902902903,-0.9776121597546685,312.07137061685086,287.1508353588062,1.5834534762913166
9.03903903903904,-0.8536130835788085,310.45972453420734,291.64754367786503,1.452872099710406
9.04904904904905,-0.9632954052768915,309.50111571030845,282.4141315166416,1.5807389395354925
9.05905905905906,-0.9786840902271362,310.6063947577337,293.75289583760883,1.483898592275397
9.06906906906907,-1.1202111597221713,306.5644105881373,287.9190279755737,1.5662716054547539
9.07907907907908,-0.9104733347305194,307.44779103821145,284.3496533047982,1.429659249525123
9.08908908908909,-0.92139874218351,307.3086001639716,287.7499357100209,1.5292952100582324
9.0990990990991,-0.7704454589325948,309.9774217035599,296.28574608431285,1.463161493202619
9.10910910910911,-1.0183478070896297,313.15161200648765,287.3233245649189,1.4292366404037906
9.11911911911912,-0.966429264508511,314.1441899694636,291.79226809104813,1.5109267021205472
9.12912912912913,-0.9641554845372158,310.9526607456059,286.34521862142265,1.5504735894297985
9.13913913913914,-0.8320733037417557,310.6731775745094,293.7896092496181,1.4577529280703252
9.14914914914915,-1.00004816878731,306.0642644747814,293.427538693951,1.42504920197708
9.15915915915916,-0.9632916342881811,308.5758849191313,299.24304416648204,1.4954077617832522
9.16916916916917,-0.9310544777831933,308.08047886797215,289.1221802725039,1.495628233561141
9.17917917917918,-0.9738087126107963,308.40912632693875,293.34327402378955,1.5274159813777248
9.18918918918919,-1.0377136211663294,309.30927035732805,290.4903376976947,1.5474797285682245
9.1991991991992,-0.9742370187736343,308.6960746506606,296.47935890931507,1.4970292409363752
9.20920920920921,-0.8868337105742609,305.67631535861227,286.40583806195633,1.5927751657397131
9.21921921921922,-1.0973743783434582,311.1253560480658,293.7250265643864,1.5112117372267646
9.22922922922923,-0.9819269259997387,307.47863144553673,289.0265135194166,1.482678674699655
9.23923923923924,-1.0657120895391887,310.0971546128587,289.6790591144575,1.4194216320448585
9.24924924924925,-0.8766465174757205,313.76133106006074,290.4587624222419,1.4868670239841917
9.25925925925926,-1.1488960895597276,307.7688628436415,291.2612019821334,1.483180652729443
9.26926926926927,-1.0528708382350769,304.5414847800835,289.4188547843902,1.5480152398140734
9.27927927927928,-0.9596337460900248,309.0244406954195,291.0735659158526,1.5231241812033427
9.28928928928929,-0.8411538269977674,311.7927192601098,297.89059028781094,1.4410315439183692
9.2992992992993,-1.0046075597894097,313.50180730945794,294.9272484280761,1.5086127193205519
9.30930930930931,-1.053853789374608,307.12028720578326,294.3457729624845,1.5335765585864527
9.31931931931932,-0.8104944244990274,310.5670204405495,287.72230236988065,1.5764015679693917
9.32932932932933,-1.1436628010159398,308.6371983087255,285.5537958588584,1.544375198370703
9.33933933933934,-1.218968264666426,309.35008139396496,294.77650279118876,1.538042332715574
9.34934934934935,-0.955287454860291,314.8447853523845,294.38023396264896,1.5030042997307582
9.35935935935936,-1.0496705209523582,306.54424025639196,297.36335337875494,1.5194156002711725
9.36936936936937,-1.101739542258128,310.0517042137761,286.98009687015383,1.5624752450353079
9.37937937937938,-0.9289067374329549,310.4736169585673,288.85225672319825,1.4333611301260176
9.38938938938939,-0.9754633888341286,311.7037707598344,281.8025791873728,1.4825280336391522
9.3993993993994,-1.0563273552317969,309.722093706665,288.03764446969564,1.461371562562188
9.40940940940941,-1.1280009159660043,310.1361195876786,294.9828525528972,1.5189576559363063
9.41941941941942,-0.9127506779284577,308.73057432643816,287.667523103859,1.5615111087825393
9.42942942942943,-0.934977177685266,310.04594016468485,293.20239897600413,1.4701512856639463
9.43943943943944,-1.0098907166286706,308.8150784452046,289.04748447001094,1.380484781626528
9.44944944944945,-0.8152602160658459,310.7383454079512,291.6202851411078,1.4793889627487764
9.45945945945946,-1.106858129606214,308.74968153132204,284.26154305092166,1.5456736866008702
9.46946946946947,-1.1523028611124473,310.23676553476247,290.4260472481695,1.526881495147494
9.47947947947948,-1.0688167982855525,309.4176636569162,275.0443201454964,1.5214093123905288
9.48948948948949,-1.0040351995565513,311.7218763424907,289.0655192091901,1.486000334906276
9.4994994994995,-0.9749682227007317,309.3605369954669,281.8476337814243,1.4360484631890107
9.50950950950951,-1.0232263105885417,305.91077017882225,296.0299725827341,1.5257647160812233
9.51951951951952,-0.9636726747758444,311.97415088616,293.88703676382255,1.4582859094982688
9.52952952952953,-1.1237826445486299,307.6322781755679,292.3333549098304,1.6092048366690228
9.53953953953954,-0.853977713752806,308.12960714193474,297.6050311357969,1.5285253604177258
9.54954954954955,-1.006269755235102,308.2391764489274,285.25541739587584,1.4709675848723025
9.55955955955956,-0.8860005161813153,312.17269664359725,298.7368159895778,1.4694307376305686
9.56956956956957,-0.9631080334848958,305.1457556787665,294.6609578213019,1.4953527896693206
9.57957957957958,-0.9513307305838462,315.68584707965823,288.81722356390526,1.4880249038989124
9.58958958958959,-0.9396298338282079,311.5156718193014,295.6781007359147,1.5558416887764976
9.5995995995996,-0.9514112501847956,309.843206528697,284.4685324379418,1.5093208084872023
9.60960960960961,-0.9314604201503904,309.2800735362866,285.87742919236166,1.4634184130545735
9.61961961961962,-0.8623430899477706,309.9540648896496,286.9570513838015,1.594522034257789
9.62962962962963,-0.9751069415705447,310.41825919211726,287.3551114596799,1.5024654165760112
9.63963963963964,-0.9233344796244135,310.65946552351755,284.71721178619873,1.5384419837984449
9.64964964964965,-1.0026593160487567,310.4732257486933,296.1154153354766,1.469588674627762
9.65965965965966,-0.849100024461239,309.53412312120264,288.70572799815085,1.5181557813872262
9.66966966966967,-1.0601520981263775,308.95319236529656,291.7625248417844,1.5155554995571598
9.67967967967968,-0.8117950840736543,309.03819261946364,287.1482431679316,1.4055175353951923
9.68968968968969,-0.9952563350281923,308.94375516914243,280.8969834972574,1.600763755523032
9.6996996996997,-1.1336446321764504,311.5939070576039,291.3502867919571,1.5645322230461274
9.70970970970971,-0.9770584487454563,310.50623806227543,280.43872512290113,1.4801402341927006
9.71971971971972,-1.0572510280176357,303.4310677510781,289.65682976957265,1.4448865129772073
9.72972972972973,-0.9043337012784772,310.61632965418494,283.1584248058359,1.5173780806901775
9.73973973973974,-1.05288788862094,309.68664627863376,299.936379996154,1.5043348849707199
9.74974974974975,-1.031446528484463,309.2523649012029,294.55681361087363,1.5177834474281615
9.75975975975976,-1.174960232661276,308.50531679926837,290.5287689563574,1.5095788698097046
9.76976976976977,-1.0303900664185826,311.5231132329969,296.31853338827335,1.5253120494652963
9.77977977977978,-1.226675963817219,311.1624376309999,285.7684201126713,1.5723652849695904
9.78978978978979,-1.1417822537259141,307.71408914105945,292.71739689335044,1.5284051602564324
9.7997997997998,-0.9064298119946184,310.06637170735274,290.99905216859355,1.447517225054503
9.80980980980981,-0.9029459570477588,307.30133923723264,291.32010040666836,1.5681281426356226
9.81981981981982,-0.9380103247901315,306.4777648972821,296.36176750053386,1.5820307281744144
9.82982982982983,-1.0762592403851423,307.9758782762253,293.662460513899,1.6576028367256042
9.83983983983984,-0.9833137687489372,310.946374177532,291.4436183141251,1.4438252983380202
9.84984984984985,-0.9778593815910355,311.1200748706598,281.7255628188585,1.5121441006575138
9.85985985985986,-1.0922676047730293,310.2321962381353,285.1997685236027,1.3958950648405506
9.86986986986987,-0.8249988542266328,310.64838069182167,289.3864553320214,1.5276574578189606
9.87987987987988,-0.8864855716390636,310.2226725461004,290.46686187138323,1.4725899850916613
9.88988988988989,-0.9951769300945528,307.8994428002848,284.3489813766304,1.5961722897412476
9.8998998998999,-0.9692262651380513,310.0383042957576,302.0583833778921,1.4612692514990708
9.90990990990991,-0.9498865580795314,310.76729470121364,297.58197027626784,1.415540848101637
9.91991991991992,-1.1736839988741439,310.6670380154017,293.0105916019624,1.476436812964874
9.92992992992993,-0.9929896371807637,311.52822509655323,290.3601843064187,1.401225611439143
9.93993993993994,-1.0352074553923205,310.55891237094113,288.9389551504942,1.5375549727253655
9.94994994994995,-1.0658839396475972,309.8370707721025,285.2404076998888,1.396745847687184
9.95995995995996,-0.9925206846556764,311.2663079042642,290.3874025925943,1.501422879059158
9.96996996996997,-0.7833065608821907,309.06476140261003,291.28876270071373,1.3961094090071902
9.97997997997998,-0.8976313605844385,307.345814567874,283.7911971225919,1.483985109773168
9.98998998998999,-1.0174498878345308,308.77515338043395,291.6708820862245,1.5821689077902268
10.0,-0.9016659965275226,307.6031689786439,289.22370475587627,1.5180323945717897
